<?xml version = '1.0' encoding = 'UTF-8'?>
<Entity class="oracle.dbtools.crest.model.design.logical.Entity" directorySegmentName="seg_0" id="1089024A-4A63-54C1-6A9D-AD8DA2B57BC0" name="Productos">
<createdBy>Ambiente</createdBy>
<createdTime>2023-03-16 21:47:17 UTC</createdTime>
<ownerDesignName>ProyectoAdsoSena</ownerDesignName>
<engineerTo>
<item key="920E4AF3-7549-322C-6F8C-BC4B45A9DDFD" value="true"/>
</engineerTo>
<adequatelyNormalized>NO</adequatelyNormalized>
<expectedVolumes>0</expectedVolumes>
<fwdEngineeringStrategyName>Single Table</fwdEngineeringStrategyName>
<growthPercent>0</growthPercent>
<growthType>Year</growthType>
<maxVolumes>9999999</maxVolumes>
<minVolumes>0</minVolumes>
<normalForm>Third</normalForm>
<attributes itemClass="oracle.dbtools.crest.model.design.logical.Attribute">
<Attribute name="ID Producto1" id="33A06AAA-87F1-BA35-E4BC-4EB3609254B6">
<createdBy>Ambiente</createdBy>
<createdTime>2023-03-16 21:56:40 UTC</createdTime>
<comment><![CDATA[Identificador unico del producto]]></comment>
<commentInRDBMS><![CDATA[Identificador unico del producto]]></commentInRDBMS>
<ownerDesignName>ProyectoAdsoSena</ownerDesignName>
<engineerTo>
<item key="920E4AF3-7549-322C-6F8C-BC4B45A9DDFD" value="true"/>
</engineerTo>
<useDomainConstraints>false</useDomainConstraints>
<use>1</use>
<logicalDatatype>LOGDT037</logicalDatatype>
<dataTypeSize>65 CHAR</dataTypeSize>
<ownDataTypeParameters>65 CHAR,,</ownDataTypeParameters>
</Attribute>
<Attribute name="Nombre" id="2F4DA894-E530-77BF-5CDE-0246F749B43D">
<createdBy>Ambiente</createdBy>
<createdTime>2023-03-16 21:57:00 UTC</createdTime>
<comment><![CDATA[Nombre del producto ]]></comment>
<commentInRDBMS><![CDATA[Nombre del producto ]]></commentInRDBMS>
<ownerDesignName>ProyectoAdsoSena</ownerDesignName>
<engineerTo>
<item key="920E4AF3-7549-322C-6F8C-BC4B45A9DDFD" value="true"/>
</engineerTo>
<useDomainConstraints>false</useDomainConstraints>
<use>1</use>
<logicalDatatype>LOGDT037</logicalDatatype>
<dataTypeSize>65 CHAR</dataTypeSize>
<ownDataTypeParameters>65 CHAR,,</ownDataTypeParameters>
</Attribute>
<Attribute name="Cantidad" id="1B184217-E5EB-3F05-D3C5-C401DF597AA0">
<createdBy>Ambiente</createdBy>
<createdTime>2023-03-16 21:57:15 UTC</createdTime>
<comment><![CDATA[Cantidad que posee el producto ]]></comment>
<commentInRDBMS><![CDATA[Cantidad que posee el producto]]></commentInRDBMS>
<ownerDesignName>ProyectoAdsoSena</ownerDesignName>
<engineerTo>
<item key="920E4AF3-7549-322C-6F8C-BC4B45A9DDFD" value="true"/>
</engineerTo>
<useDomainConstraints>false</useDomainConstraints>
<use>1</use>
<logicalDatatype>LOGDT037</logicalDatatype>
<dataTypeSize>65 CHAR</dataTypeSize>
<ownDataTypeParameters>65 CHAR,,</ownDataTypeParameters>
</Attribute>
<Attribute name="Precio" id="B8E6966E-D4B1-5D9B-38DE-D8107B8F9C0A">
<createdBy>Ambiente</createdBy>
<createdTime>2023-03-16 21:57:27 UTC</createdTime>
<comment><![CDATA[Precio del producto]]></comment>
<commentInRDBMS><![CDATA[Precio del producto ]]></commentInRDBMS>
<ownerDesignName>ProyectoAdsoSena</ownerDesignName>
<engineerTo>
<item key="920E4AF3-7549-322C-6F8C-BC4B45A9DDFD" value="true"/>
</engineerTo>
<useDomainConstraints>false</useDomainConstraints>
<use>1</use>
<logicalDatatype>LOGDT037</logicalDatatype>
<dataTypeSize>65 CHAR</dataTypeSize>
<ownDataTypeParameters>65 CHAR,,</ownDataTypeParameters>
</Attribute>
<Attribute name="Estado" id="F61CA1F3-AF0E-F381-AD0F-44B70F976BA0">
<createdBy>Ambiente</createdBy>
<createdTime>2023-03-16 21:57:52 UTC</createdTime>
<comment><![CDATA[Estado del producto (1=Activo, 0=Inactivo)]]></comment>
<commentInRDBMS><![CDATA[Estado del producto (1=Activo, 0=Inactivo)]]></commentInRDBMS>
<ownerDesignName>ProyectoAdsoSena</ownerDesignName>
<engineerTo>
<item key="920E4AF3-7549-322C-6F8C-BC4B45A9DDFD" value="true"/>
</engineerTo>
<useDomainConstraints>false</useDomainConstraints>
<use>1</use>
<logicalDatatype>LOGDT037</logicalDatatype>
<dataTypeSize>65 CHAR</dataTypeSize>
<ownDataTypeParameters>65 CHAR,,</ownDataTypeParameters>
</Attribute>
<Attribute name="Lugar" id="1E4C3048-796A-9AA3-A03C-7471F7670B4A">
<createdBy>Ambiente</createdBy>
<createdTime>2023-03-16 21:57:38 UTC</createdTime>
<comment><![CDATA[Lugar en el que se encuentra el producto ]]></comment>
<commentInRDBMS><![CDATA[Lugar en el que se encuentra el producto ]]></commentInRDBMS>
<ownerDesignName>ProyectoAdsoSena</ownerDesignName>
<engineerTo>
<item key="920E4AF3-7549-322C-6F8C-BC4B45A9DDFD" value="true"/>
</engineerTo>
<useDomainConstraints>false</useDomainConstraints>
<use>1</use>
<logicalDatatype>LOGDT037</logicalDatatype>
<dataTypeSize>65 CHAR</dataTypeSize>
<ownDataTypeParameters>65 CHAR,,</ownDataTypeParameters>
</Attribute>
<Attribute name="Categoria ID Categoria" id="4B668885-9EB0-B340-F5AB-C7DA05675B05">
<createdBy>Ambiente</createdBy>
<createdTime>2023-03-16 22:09:30 UTC</createdTime>
<generatorID>B66257CB-690F-70AF-D401-8E165679A791</generatorID>
<ownerDesignName>ProyectoAdsoSena</ownerDesignName>
<engineerTo>
<item key="920E4AF3-7549-322C-6F8C-BC4B45A9DDFD" value="true"/>
</engineerTo>
<referedAttribute>96B98214-95E1-1126-1806-ACED9F800A6D</referedAttribute>
<useDomainConstraints>false</useDomainConstraints>
<use>1</use>
<logicalDatatype>LOGDT037</logicalDatatype>
<dataTypeSize>65 CHAR</dataTypeSize>
<ownDataTypeParameters>65 CHAR,,</ownDataTypeParameters>
</Attribute>
<Attribute name="Preciosv2 ID precio" id="FB60E95C-E29A-F427-9500-9D35BD4EA76B">
<createdBy>Ambiente</createdBy>
<createdTime>2023-04-10 18:06:12 UTC</createdTime>
<generatorID>08F38665-C3A2-29FD-2916-A7023900AA1B</generatorID>
<ownerDesignName>ProyectoAdsoSena</ownerDesignName>
<engineerTo>
<item key="920E4AF3-7549-322C-6F8C-BC4B45A9DDFD" value="true"/>
</engineerTo>
<referedAttribute>7FBB13C7-F739-6436-4607-C52DA8A06C8B</referedAttribute>
<useDomainConstraints>false</useDomainConstraints>
<use>1</use>
<logicalDatatype>LOGDT011</logicalDatatype>
<ownDataTypeParameters>,,</ownDataTypeParameters>
</Attribute>
</attributes>
<identifiers itemClass="oracle.dbtools.crest.model.design.logical.CandidateKey">
<identifier id="099B7DDF-0FDE-97D9-AAE8-AF856F33A1E2" name="Productos PK">
<createdBy>Ambiente</createdBy>
<createdTime>2023-03-16 21:56:59 UTC</createdTime>
<ownerDesignName>ProyectoAdsoSena</ownerDesignName>
<shouldEngineer>false</shouldEngineer>
<engineerTo>
<item key="920E4AF3-7549-322C-6F8C-BC4B45A9DDFD" value="false"/>
</engineerTo>
<pk>true</pk>
<usedAttributes>
<attributeRef>33A06AAA-87F1-BA35-E4BC-4EB3609254B6</attributeRef>
</usedAttributes>
</identifier>
</identifiers>
</Entity>