<?xml version = '1.0' encoding = 'UTF-8'?>
<Entity class="oracle.dbtools.crest.model.design.logical.Entity" directorySegmentName="seg_0" id="3D43A469-E083-B504-2676-9815C334BC64" name="Proveedor">
<createdBy>Ambiente</createdBy>
<createdTime>2023-03-16 21:46:38 UTC</createdTime>
<ownerDesignName>ProyectoAdsoSena</ownerDesignName>
<engineerTo>
<item key="920E4AF3-7549-322C-6F8C-BC4B45A9DDFD" value="true"/>
</engineerTo>
<adequatelyNormalized>NO</adequatelyNormalized>
<expectedVolumes>0</expectedVolumes>
<fwdEngineeringStrategyName>Single Table</fwdEngineeringStrategyName>
<growthPercent>0</growthPercent>
<growthType>Year</growthType>
<maxVolumes>9999999</maxVolumes>
<minVolumes>0</minVolumes>
<normalForm>Third</normalForm>
<attributes itemClass="oracle.dbtools.crest.model.design.logical.Attribute">
<Attribute name="ID Proveedor" id="AEFE998D-926F-36C3-8C2F-290FB0F1EF9A">
<createdBy>Ambiente</createdBy>
<createdTime>2023-03-16 21:48:52 UTC</createdTime>
<comment><![CDATA[Identificador unico del proveedor]]></comment>
<commentInRDBMS><![CDATA[Identificador unico del proveedor]]></commentInRDBMS>
<ownerDesignName>ProyectoAdsoSena</ownerDesignName>
<engineerTo>
<item key="920E4AF3-7549-322C-6F8C-BC4B45A9DDFD" value="true"/>
</engineerTo>
<useDomainConstraints>false</useDomainConstraints>
<use>1</use>
<logicalDatatype>LOGDT037</logicalDatatype>
<dataTypeSize>65 CHAR</dataTypeSize>
<ownDataTypeParameters>65 CHAR,,</ownDataTypeParameters>
</Attribute>
<Attribute name="Nombre" id="3DD5CA78-A7BF-9DDC-85BD-DAE165DF7651">
<createdBy>Ambiente</createdBy>
<createdTime>2023-03-16 21:49:30 UTC</createdTime>
<comment><![CDATA[Nombre del proveedor]]></comment>
<commentInRDBMS><![CDATA[Nombre del proveedor]]></commentInRDBMS>
<ownerDesignName>ProyectoAdsoSena</ownerDesignName>
<engineerTo>
<item key="920E4AF3-7549-322C-6F8C-BC4B45A9DDFD" value="true"/>
</engineerTo>
<useDomainConstraints>false</useDomainConstraints>
<use>1</use>
<logicalDatatype>LOGDT037</logicalDatatype>
<dataTypeSize>65 CHAR</dataTypeSize>
<ownDataTypeParameters>65 CHAR,,</ownDataTypeParameters>
</Attribute>
<Attribute name="Apellido" id="EB5DB841-1D61-A9B4-F3FE-28A841166635">
<createdBy>Ambiente</createdBy>
<createdTime>2023-03-16 21:49:47 UTC</createdTime>
<comment><![CDATA[Apellido del proveedor]]></comment>
<commentInRDBMS><![CDATA[Apellido del proveedor]]></commentInRDBMS>
<ownerDesignName>ProyectoAdsoSena</ownerDesignName>
<engineerTo>
<item key="920E4AF3-7549-322C-6F8C-BC4B45A9DDFD" value="true"/>
</engineerTo>
<useDomainConstraints>false</useDomainConstraints>
<use>1</use>
<logicalDatatype>LOGDT037</logicalDatatype>
<dataTypeSize>65 CHAR</dataTypeSize>
<ownDataTypeParameters>65 CHAR,,</ownDataTypeParameters>
</Attribute>
<Attribute name="Correo" id="4FEA7AD8-89A7-F184-F74F-B37119595858">
<createdBy>Ambiente</createdBy>
<createdTime>2023-03-16 21:49:58 UTC</createdTime>
<comment><![CDATA[Correo electronico del proveedor ]]></comment>
<commentInRDBMS><![CDATA[Correo electronico del proveedor ]]></commentInRDBMS>
<ownerDesignName>ProyectoAdsoSena</ownerDesignName>
<engineerTo>
<item key="920E4AF3-7549-322C-6F8C-BC4B45A9DDFD" value="true"/>
</engineerTo>
<useDomainConstraints>false</useDomainConstraints>
<use>1</use>
<logicalDatatype>LOGDT037</logicalDatatype>
<dataTypeSize>65 CHAR</dataTypeSize>
<ownDataTypeParameters>65 CHAR,,</ownDataTypeParameters>
</Attribute>
<Attribute name="Contacto" id="F1EE152F-3D49-1515-ADBC-AC2FB6572FBE">
<createdBy>Ambiente</createdBy>
<createdTime>2023-03-16 21:50:25 UTC</createdTime>
<comment><![CDATA[Contacto telefonico del proveedor]]></comment>
<commentInRDBMS><![CDATA[Contacto telefonico del proveedor]]></commentInRDBMS>
<ownerDesignName>ProyectoAdsoSena</ownerDesignName>
<engineerTo>
<item key="920E4AF3-7549-322C-6F8C-BC4B45A9DDFD" value="true"/>
</engineerTo>
<useDomainConstraints>false</useDomainConstraints>
<use>1</use>
<logicalDatatype>LOGDT037</logicalDatatype>
<dataTypeSize>65 CHAR</dataTypeSize>
<ownDataTypeParameters>65 CHAR,,</ownDataTypeParameters>
</Attribute>
<Attribute name="Direccion" id="8F110842-E579-AFEA-850A-4BBDA6CE2F10">
<createdBy>Ambiente</createdBy>
<createdTime>2023-03-16 21:50:40 UTC</createdTime>
<comment><![CDATA[Dirección del proveedor ]]></comment>
<commentInRDBMS><![CDATA[Dirección del proveedor ]]></commentInRDBMS>
<ownerDesignName>ProyectoAdsoSena</ownerDesignName>
<engineerTo>
<item key="920E4AF3-7549-322C-6F8C-BC4B45A9DDFD" value="true"/>
</engineerTo>
<useDomainConstraints>false</useDomainConstraints>
<use>1</use>
<logicalDatatype>LOGDT037</logicalDatatype>
<dataTypeSize>65 CHAR</dataTypeSize>
<ownDataTypeParameters>65 CHAR,,</ownDataTypeParameters>
</Attribute>
</attributes>
<identifiers itemClass="oracle.dbtools.crest.model.design.logical.CandidateKey">
<identifier id="5788CB0F-8DB8-4E77-9AC0-7709AF726A3B" name="Proveedor PK">
<createdBy>Ambiente</createdBy>
<createdTime>2023-03-16 21:49:28 UTC</createdTime>
<ownerDesignName>ProyectoAdsoSena</ownerDesignName>
<shouldEngineer>false</shouldEngineer>
<engineerTo>
<item key="920E4AF3-7549-322C-6F8C-BC4B45A9DDFD" value="false"/>
</engineerTo>
<pk>true</pk>
<usedAttributes>
<attributeRef>AEFE998D-926F-36C3-8C2F-290FB0F1EF9A</attributeRef>
</usedAttributes>
</identifier>
</identifiers>
</Entity>