<?xml version = '1.0' encoding = 'UTF-8'?>
<Entity class="oracle.dbtools.crest.model.design.logical.Entity" directorySegmentName="seg_0" id="515D8128-9AA6-3BD9-2CE7-B537A9721BE7" name="Precios">
<createdBy>Ambiente</createdBy>
<createdTime>2023-04-10 17:49:57 UTC</createdTime>
<ownerDesignName>ProyectoAdsoSena</ownerDesignName>
<engineerTo>
<item key="920E4AF3-7549-322C-6F8C-BC4B45A9DDFD" value="true"/>
</engineerTo>
<adequatelyNormalized>NO</adequatelyNormalized>
<expectedVolumes>0</expectedVolumes>
<fwdEngineeringStrategyName>Single Table</fwdEngineeringStrategyName>
<growthPercent>0</growthPercent>
<growthType>Year</growthType>
<maxVolumes>9999999</maxVolumes>
<minVolumes>0</minVolumes>
<normalForm>Third</normalForm>
<attributes itemClass="oracle.dbtools.crest.model.design.logical.Attribute">
<Attribute name="ID_precio" id="7FBB13C7-F739-6436-4607-C52DA8A06C8B">
<createdBy>Ambiente</createdBy>
<createdTime>2023-04-10 18:01:32 UTC</createdTime>
<comment><![CDATA[Identificador unico del precio]]></comment>
<commentInRDBMS><![CDATA[Identificador unico del precio]]></commentInRDBMS>
<ownerDesignName>ProyectoAdsoSena</ownerDesignName>
<engineerTo>
<item key="920E4AF3-7549-322C-6F8C-BC4B45A9DDFD" value="true"/>
</engineerTo>
<useDomainConstraints>false</useDomainConstraints>
<use>1</use>
<logicalDatatype>LOGDT011</logicalDatatype>
<ownDataTypeParameters>,,</ownDataTypeParameters>
</Attribute>
<Attribute name="Precio_compra" id="6CFA1204-3E1A-CD45-D76D-A03A63EF6CEA">
<createdBy>Ambiente</createdBy>
<createdTime>2023-04-10 18:02:13 UTC</createdTime>
<comment><![CDATA[Precio de compra del producto]]></comment>
<commentInRDBMS><![CDATA[Precio de compra del producto]]></commentInRDBMS>
<ownerDesignName>ProyectoAdsoSena</ownerDesignName>
<engineerTo>
<item key="920E4AF3-7549-322C-6F8C-BC4B45A9DDFD" value="true"/>
</engineerTo>
<useDomainConstraints>false</useDomainConstraints>
<use>1</use>
<logicalDatatype>LOGDT011</logicalDatatype>
<ownDataTypeParameters>,,</ownDataTypeParameters>
</Attribute>
<Attribute name="Precio_Venta" id="623B18B7-D607-CE77-F58B-6D77817A5712">
<createdBy>Ambiente</createdBy>
<createdTime>2023-04-10 18:02:45 UTC</createdTime>
<comment><![CDATA[Precio de venta del producto]]></comment>
<commentInRDBMS><![CDATA[Precio de venta del producto]]></commentInRDBMS>
<ownerDesignName>ProyectoAdsoSena</ownerDesignName>
<engineerTo>
<item key="920E4AF3-7549-322C-6F8C-BC4B45A9DDFD" value="true"/>
</engineerTo>
<useDomainConstraints>false</useDomainConstraints>
<use>1</use>
<logicalDatatype>LOGDT011</logicalDatatype>
<ownDataTypeParameters>,,</ownDataTypeParameters>
</Attribute>
<Attribute name="Precio_descuento" id="4CD87A0E-839F-09F3-3B2C-1F25F1B80387">
<createdBy>Ambiente</createdBy>
<createdTime>2023-04-10 18:03:07 UTC</createdTime>
<comment><![CDATA[Precio de descuento del producto ]]></comment>
<commentInRDBMS><![CDATA[Precio de descuento del producto]]></commentInRDBMS>
<ownerDesignName>ProyectoAdsoSena</ownerDesignName>
<engineerTo>
<item key="920E4AF3-7549-322C-6F8C-BC4B45A9DDFD" value="true"/>
</engineerTo>
<useDomainConstraints>false</useDomainConstraints>
<use>1</use>
<logicalDatatype>LOGDT011</logicalDatatype>
<ownDataTypeParameters>,,</ownDataTypeParameters>
</Attribute>
<Attribute name="Fecha_descuento" id="99DDC6AE-4B43-52D1-F749-DBC258162214">
<createdBy>Ambiente</createdBy>
<createdTime>2023-04-10 18:03:33 UTC</createdTime>
<comment><![CDATA[Fecha de inicio y finalización del descuento del producto]]></comment>
<commentInRDBMS><![CDATA[Fecha de inicio y finalización del descuento del producto]]></commentInRDBMS>
<ownerDesignName>ProyectoAdsoSena</ownerDesignName>
<engineerTo>
<item key="920E4AF3-7549-322C-6F8C-BC4B45A9DDFD" value="true"/>
</engineerTo>
<useDomainConstraints>false</useDomainConstraints>
<use>1</use>
<logicalDatatype>LOGDT008</logicalDatatype>
<ownDataTypeParameters>,,</ownDataTypeParameters>
</Attribute>
<Attribute name="Estado" id="CD3EE267-F898-6715-B6B3-C52A78EBAF40">
<createdBy>Ambiente</createdBy>
<createdTime>2023-04-10 18:04:08 UTC</createdTime>
<comment><![CDATA[Estado del descuento/precio (1=Activo, 0=Inactivo)]]></comment>
<commentInRDBMS><![CDATA[Estado del descuento/precio (1=Activo, 0=Inactivo)]]></commentInRDBMS>
<ownerDesignName>ProyectoAdsoSena</ownerDesignName>
<engineerTo>
<item key="920E4AF3-7549-322C-6F8C-BC4B45A9DDFD" value="true"/>
</engineerTo>
<useDomainConstraints>false</useDomainConstraints>
<use>1</use>
<logicalDatatype>A3A3C77D-0366-9768-FF89-1C25E56881C8</logicalDatatype>
<dataTypeSize>40</dataTypeSize>
<ownDataTypeParameters>40,,</ownDataTypeParameters>
</Attribute>
</attributes>
<identifiers itemClass="oracle.dbtools.crest.model.design.logical.CandidateKey">
<identifier id="906DC4B7-0634-8596-786E-0FA73563FDA0" name="Precios PK">
<createdBy>Ambiente</createdBy>
<createdTime>2023-04-10 18:01:50 UTC</createdTime>
<ownerDesignName>ProyectoAdsoSena</ownerDesignName>
<shouldEngineer>false</shouldEngineer>
<engineerTo>
<item key="920E4AF3-7549-322C-6F8C-BC4B45A9DDFD" value="false"/>
</engineerTo>
<pk>true</pk>
<usedAttributes>
<attributeRef>7FBB13C7-F739-6436-4607-C52DA8A06C8B</attributeRef>
</usedAttributes>
</identifier>
</identifiers>
</Entity>