<?xml version = '1.0' encoding = 'UTF-8'?>
<Entity class="oracle.dbtools.crest.model.design.logical.Entity" directorySegmentName="seg_0" id="748DE886-6984-0D5E-3147-0D6A7E878BF1" name="Cliente">
<createdBy>Ambiente</createdBy>
<createdTime>2023-03-16 21:47:12 UTC</createdTime>
<ownerDesignName>ProyectoAdsoSena</ownerDesignName>
<engineerTo>
<item key="920E4AF3-7549-322C-6F8C-BC4B45A9DDFD" value="true"/>
</engineerTo>
<adequatelyNormalized>NO</adequatelyNormalized>
<expectedVolumes>0</expectedVolumes>
<fwdEngineeringStrategyName>Single Table</fwdEngineeringStrategyName>
<growthPercent>0</growthPercent>
<growthType>Year</growthType>
<maxVolumes>9999999</maxVolumes>
<minVolumes>0</minVolumes>
<normalForm>Third</normalForm>
<attributes itemClass="oracle.dbtools.crest.model.design.logical.Attribute">
<Attribute name="NumeroDocumento" id="46A96FA9-C3CC-13FB-12CB-DAB752C52DB6">
<createdBy>Ambiente</createdBy>
<createdTime>2023-03-16 21:54:54 UTC</createdTime>
<comment><![CDATA[Numero de documento del cliente]]></comment>
<commentInRDBMS><![CDATA[Numero de documento del cliente]]></commentInRDBMS>
<ownerDesignName>ProyectoAdsoSena</ownerDesignName>
<engineerTo>
<item key="920E4AF3-7549-322C-6F8C-BC4B45A9DDFD" value="true"/>
</engineerTo>
<useDomainConstraints>false</useDomainConstraints>
<use>1</use>
<logicalDatatype>LOGDT037</logicalDatatype>
<dataTypeSize>65 CHAR</dataTypeSize>
<ownDataTypeParameters>65 CHAR,,</ownDataTypeParameters>
</Attribute>
<Attribute name="Tipodocumento" id="1C27E792-D454-4D76-A4F5-E261EC6997C6">
<createdBy>Ambiente</createdBy>
<createdTime>2023-04-11 22:21:32 UTC</createdTime>
<comment><![CDATA[Tipo de documento del cliente]]></comment>
<commentInRDBMS><![CDATA[Tipo de documento del cliente]]></commentInRDBMS>
<ownerDesignName>ProyectoAdsoSena</ownerDesignName>
<engineerTo>
<item key="920E4AF3-7549-322C-6F8C-BC4B45A9DDFD" value="true"/>
</engineerTo>
<useDomainConstraints>false</useDomainConstraints>
<use>1</use>
<logicalDatatype>LOGDT037</logicalDatatype>
<dataTypeSize>65 CHAR</dataTypeSize>
<ownDataTypeParameters>65 CHAR,,</ownDataTypeParameters>
</Attribute>
<Attribute name="Nombre" id="23AAC536-BED7-5B11-E57F-5E7CEE6D3DCF">
<createdBy>Ambiente</createdBy>
<createdTime>2023-03-16 21:55:33 UTC</createdTime>
<comment><![CDATA[Nombre del cliente]]></comment>
<commentInRDBMS><![CDATA[Nombre del cliente]]></commentInRDBMS>
<ownerDesignName>ProyectoAdsoSena</ownerDesignName>
<engineerTo>
<item key="920E4AF3-7549-322C-6F8C-BC4B45A9DDFD" value="true"/>
</engineerTo>
<useDomainConstraints>false</useDomainConstraints>
<use>1</use>
<logicalDatatype>LOGDT037</logicalDatatype>
<dataTypeSize>65 CHAR</dataTypeSize>
<ownDataTypeParameters>65 CHAR,,</ownDataTypeParameters>
</Attribute>
<Attribute name="Apellido" id="9A05E2AA-6DED-39CB-1D41-E7E3839E9A25">
<createdBy>Ambiente</createdBy>
<createdTime>2023-03-16 21:55:51 UTC</createdTime>
<comment><![CDATA[Apellido del cliente]]></comment>
<commentInRDBMS><![CDATA[Apellido del cliente]]></commentInRDBMS>
<ownerDesignName>ProyectoAdsoSena</ownerDesignName>
<engineerTo>
<item key="920E4AF3-7549-322C-6F8C-BC4B45A9DDFD" value="true"/>
</engineerTo>
<useDomainConstraints>false</useDomainConstraints>
<use>1</use>
<logicalDatatype>LOGDT037</logicalDatatype>
<dataTypeSize>65 CHAR</dataTypeSize>
<ownDataTypeParameters>65 CHAR,,</ownDataTypeParameters>
</Attribute>
<Attribute name="Correo" id="85D7AF78-C0C6-58E2-7834-D4BEAB1BEBA0">
<createdBy>Ambiente</createdBy>
<createdTime>2023-03-16 21:56:04 UTC</createdTime>
<comment><![CDATA[Correo electronico del cliente]]></comment>
<commentInRDBMS><![CDATA[Correo electronico del cliente]]></commentInRDBMS>
<ownerDesignName>ProyectoAdsoSena</ownerDesignName>
<engineerTo>
<item key="920E4AF3-7549-322C-6F8C-BC4B45A9DDFD" value="true"/>
</engineerTo>
<useDomainConstraints>false</useDomainConstraints>
<use>1</use>
<logicalDatatype>LOGDT037</logicalDatatype>
<dataTypeSize>65 CHAR</dataTypeSize>
<ownDataTypeParameters>65 CHAR,,</ownDataTypeParameters>
</Attribute>
<Attribute name="Telefono" id="17E75325-A8B5-BD8F-0B85-C7C9FF3AE8F3">
<createdBy>Ambiente</createdBy>
<createdTime>2023-03-16 21:56:19 UTC</createdTime>
<comment><![CDATA[Telefono del cliente]]></comment>
<commentInRDBMS><![CDATA[Telefono del cliente]]></commentInRDBMS>
<ownerDesignName>ProyectoAdsoSena</ownerDesignName>
<engineerTo>
<item key="920E4AF3-7549-322C-6F8C-BC4B45A9DDFD" value="true"/>
</engineerTo>
<useDomainConstraints>false</useDomainConstraints>
<use>1</use>
<logicalDatatype>LOGDT037</logicalDatatype>
<dataTypeSize>65 CHAR</dataTypeSize>
<ownDataTypeParameters>65 CHAR,,</ownDataTypeParameters>
</Attribute>
<Attribute name="Usuario Id Usuario" id="F708793F-A66F-E7BA-28A4-CF8C90E0B195">
<createdBy>Valeria</createdBy>
<createdTime>2023-04-12 03:56:18 UTC</createdTime>
<comment><![CDATA[Identificador unico del usuario]]></comment>
<generatorID>22D24A72-CBB5-374E-B559-1793AF9B9C10</generatorID>
<ownerDesignName>ProyectoAdsoSena</ownerDesignName>
<engineerTo>
<item key="920E4AF3-7549-322C-6F8C-BC4B45A9DDFD" value="true"/>
</engineerTo>
<referedAttribute>A96D9BB6-2B1F-AE86-4843-546B89DF0F5C</referedAttribute>
<useDomainConstraints>false</useDomainConstraints>
<use>1</use>
<logicalDatatype>LOGDT037</logicalDatatype>
<dataTypeSize>65 CHAR</dataTypeSize>
<ownDataTypeParameters>,,</ownDataTypeParameters>
</Attribute>
</attributes>
<identifiers itemClass="oracle.dbtools.crest.model.design.logical.CandidateKey">
<identifier id="CA3844C2-B4AA-FE78-3476-7C604FCE9FC6" name="Cliente PK">
<createdBy>Ambiente</createdBy>
<createdTime>2023-03-16 21:55:32 UTC</createdTime>
<ownerDesignName>ProyectoAdsoSena</ownerDesignName>
<shouldEngineer>false</shouldEngineer>
<engineerTo>
<item key="920E4AF3-7549-322C-6F8C-BC4B45A9DDFD" value="false"/>
</engineerTo>
<pk>true</pk>
<usedAttributes>
<attributeRef>46A96FA9-C3CC-13FB-12CB-DAB752C52DB6</attributeRef>
</usedAttributes>
</identifier>
</identifiers>
</Entity>