<?xml version = '1.0' encoding = 'UTF-8'?>
<Entity class="oracle.dbtools.crest.model.design.logical.Entity" directorySegmentName="seg_0" id="91F879DC-E352-274F-A949-20962694735C" name="Usuario">
<createdBy>Ambiente</createdBy>
<createdTime>2023-03-16 21:47:39 UTC</createdTime>
<ownerDesignName>ProyectoAdsoSena</ownerDesignName>
<engineerTo>
<item key="920E4AF3-7549-322C-6F8C-BC4B45A9DDFD" value="true"/>
</engineerTo>
<adequatelyNormalized>NO</adequatelyNormalized>
<expectedVolumes>0</expectedVolumes>
<fwdEngineeringStrategyName>Single Table</fwdEngineeringStrategyName>
<growthPercent>0</growthPercent>
<growthType>Year</growthType>
<maxVolumes>9999999</maxVolumes>
<minVolumes>0</minVolumes>
<normalForm>Third</normalForm>
<attributes itemClass="oracle.dbtools.crest.model.design.logical.Attribute">
<Attribute name="Id Usuario" id="A96D9BB6-2B1F-AE86-4843-546B89DF0F5C">
<createdBy>Ambiente</createdBy>
<createdTime>2023-03-16 21:58:21 UTC</createdTime>
<comment><![CDATA[Identificador unico del usuario]]></comment>
<commentInRDBMS><![CDATA[Identificador unico del usuario]]></commentInRDBMS>
<ownerDesignName>ProyectoAdsoSena</ownerDesignName>
<engineerTo>
<item key="920E4AF3-7549-322C-6F8C-BC4B45A9DDFD" value="true"/>
</engineerTo>
<useDomainConstraints>false</useDomainConstraints>
<use>1</use>
<logicalDatatype>LOGDT037</logicalDatatype>
<dataTypeSize>65 CHAR</dataTypeSize>
<ownDataTypeParameters>65 CHAR,,</ownDataTypeParameters>
</Attribute>
<Attribute name="Nombre Usuario" id="DCD93283-103D-AD16-4C4F-249EE8BE178B">
<createdBy>Ambiente</createdBy>
<createdTime>2023-03-16 22:00:43 UTC</createdTime>
<comment><![CDATA[Nombre de usuario]]></comment>
<commentInRDBMS><![CDATA[Nombre de usuario]]></commentInRDBMS>
<ownerDesignName>ProyectoAdsoSena</ownerDesignName>
<engineerTo>
<item key="920E4AF3-7549-322C-6F8C-BC4B45A9DDFD" value="true"/>
</engineerTo>
<useDomainConstraints>false</useDomainConstraints>
<use>1</use>
<logicalDatatype>LOGDT037</logicalDatatype>
<dataTypeSize>65 CHAR</dataTypeSize>
<ownDataTypeParameters>65 CHAR,,</ownDataTypeParameters>
</Attribute>
<Attribute name="Contraseña" id="18EDDEBF-2FDA-E159-0ADD-A6401F525C21">
<createdBy>Ambiente</createdBy>
<createdTime>2023-03-16 22:01:03 UTC</createdTime>
<comment><![CDATA[Contraseña de la cuenta de usuario]]></comment>
<commentInRDBMS><![CDATA[Contraseña de la cuenta de usuario]]></commentInRDBMS>
<ownerDesignName>ProyectoAdsoSena</ownerDesignName>
<engineerTo>
<item key="920E4AF3-7549-322C-6F8C-BC4B45A9DDFD" value="true"/>
</engineerTo>
<useDomainConstraints>false</useDomainConstraints>
<use>1</use>
<logicalDatatype>LOGDT037</logicalDatatype>
<dataTypeSize>65 CHAR</dataTypeSize>
<ownDataTypeParameters>65 CHAR,,</ownDataTypeParameters>
</Attribute>
<Attribute name="Nombre" id="ED490297-A4E2-5A11-1DA6-05658B3BE03D">
<createdBy>Valeria</createdBy>
<createdTime>2023-04-12 03:56:18 UTC</createdTime>
<comment><![CDATA[Nombre de la persona como  usuario ]]></comment>
<commentInRDBMS><![CDATA[Nombre de la persona como  usuario ]]></commentInRDBMS>
<generatorID>E14D8834-7634-FCBC-DE6A-76EB5CE1E791</generatorID>
<ownerDesignName>ProyectoAdsoSena</ownerDesignName>
<engineerTo>
<item key="920E4AF3-7549-322C-6F8C-BC4B45A9DDFD" value="true"/>
</engineerTo>
<useDomainConstraints>false</useDomainConstraints>
<use>1</use>
<logicalDatatype>LOGDT037</logicalDatatype>
<dataTypeSize>65 CHAR</dataTypeSize>
<ownDataTypeParameters>65 CHAR,,</ownDataTypeParameters>
</Attribute>
<Attribute name="Apellido" id="3E3E3551-7EAF-A586-7FF8-486B37078D80">
<createdBy>Valeria</createdBy>
<createdTime>2023-04-12 03:56:18 UTC</createdTime>
<comment><![CDATA[Apellido de la persona como  usuario ]]></comment>
<commentInRDBMS><![CDATA[Apellido de la persona como  usuario ]]></commentInRDBMS>
<generatorID>3BDF72F0-6395-FC00-47CE-C9CA00F98863</generatorID>
<ownerDesignName>ProyectoAdsoSena</ownerDesignName>
<engineerTo>
<item key="920E4AF3-7549-322C-6F8C-BC4B45A9DDFD" value="true"/>
</engineerTo>
<useDomainConstraints>false</useDomainConstraints>
<use>1</use>
<logicalDatatype>LOGDT037</logicalDatatype>
<dataTypeSize>65 CHAR</dataTypeSize>
<ownDataTypeParameters>65 CHAR,,</ownDataTypeParameters>
</Attribute>
<Attribute name="Correo" id="514F7AD0-046D-D82A-2405-31C5CE890A06">
<createdBy>Valeria</createdBy>
<createdTime>2023-04-12 03:56:18 UTC</createdTime>
<comment><![CDATA[Correo electronico del  usuario ]]></comment>
<commentInRDBMS><![CDATA[Correo electronico del  usuario ]]></commentInRDBMS>
<generatorID>9F26D7CA-A468-F28E-9C03-751C937534BE</generatorID>
<ownerDesignName>ProyectoAdsoSena</ownerDesignName>
<engineerTo>
<item key="920E4AF3-7549-322C-6F8C-BC4B45A9DDFD" value="true"/>
</engineerTo>
<useDomainConstraints>false</useDomainConstraints>
<use>1</use>
<logicalDatatype>LOGDT037</logicalDatatype>
<dataTypeSize>65 CHAR</dataTypeSize>
<ownDataTypeParameters>65 CHAR,,</ownDataTypeParameters>
</Attribute>
<Attribute name="Cedula" id="A645C367-1C59-32A5-72E4-9FDEAE8DC280">
<createdBy>Valeria</createdBy>
<createdTime>2023-04-12 03:56:18 UTC</createdTime>
<comment><![CDATA[Numero de cedula del usuario]]></comment>
<commentInRDBMS><![CDATA[Numero de cedula del usuario]]></commentInRDBMS>
<generatorID>5E318D62-6265-7435-FB3E-F73E08EAB6C5</generatorID>
<ownerDesignName>ProyectoAdsoSena</ownerDesignName>
<engineerTo>
<item key="920E4AF3-7549-322C-6F8C-BC4B45A9DDFD" value="true"/>
</engineerTo>
<useDomainConstraints>false</useDomainConstraints>
<use>1</use>
<logicalDatatype>LOGDT037</logicalDatatype>
<dataTypeSize>65 CHAR</dataTypeSize>
<ownDataTypeParameters>65 CHAR,,</ownDataTypeParameters>
</Attribute>
<Attribute name="Contacto" id="3D13EA72-FE85-10BC-8CEC-B7C04994DBBF">
<createdBy>Valeria</createdBy>
<createdTime>2023-04-12 03:56:18 UTC</createdTime>
<comment><![CDATA[Contacto telefonico del usuario]]></comment>
<commentInRDBMS><![CDATA[Contacto telefonico del usuario]]></commentInRDBMS>
<generatorID>5506A411-22CE-AD94-25D0-973C593574E0</generatorID>
<ownerDesignName>ProyectoAdsoSena</ownerDesignName>
<engineerTo>
<item key="920E4AF3-7549-322C-6F8C-BC4B45A9DDFD" value="true"/>
</engineerTo>
<useDomainConstraints>false</useDomainConstraints>
<use>1</use>
<logicalDatatype>LOGDT037</logicalDatatype>
<dataTypeSize>65 CHAR</dataTypeSize>
<ownDataTypeParameters>65 CHAR,,</ownDataTypeParameters>
</Attribute>
<Attribute name="Dirección" id="8365F9E3-A63B-A35B-D712-B9A2658A4853">
<createdBy>Valeria</createdBy>
<createdTime>2023-04-12 03:56:18 UTC</createdTime>
<comment><![CDATA[Direccion del usuario]]></comment>
<commentInRDBMS><![CDATA[Direccion del usuario]]></commentInRDBMS>
<generatorID>2C3F17C2-38EC-8FDD-CB31-135B249A4E1C</generatorID>
<ownerDesignName>ProyectoAdsoSena</ownerDesignName>
<engineerTo>
<item key="920E4AF3-7549-322C-6F8C-BC4B45A9DDFD" value="true"/>
</engineerTo>
<useDomainConstraints>false</useDomainConstraints>
<use>1</use>
<logicalDatatype>LOGDT037</logicalDatatype>
<dataTypeSize>65 CHAR</dataTypeSize>
<ownDataTypeParameters>65 CHAR,,</ownDataTypeParameters>
</Attribute>
</attributes>
<identifiers itemClass="oracle.dbtools.crest.model.design.logical.CandidateKey">
<identifier id="A18E1EC3-1EC7-326A-839D-F7995EFB03FE" name="Usuario PK">
<createdBy>Ambiente</createdBy>
<createdTime>2023-03-16 21:58:37 UTC</createdTime>
<ownerDesignName>ProyectoAdsoSena</ownerDesignName>
<shouldEngineer>false</shouldEngineer>
<engineerTo>
<item key="920E4AF3-7549-322C-6F8C-BC4B45A9DDFD" value="false"/>
</engineerTo>
<pk>true</pk>
<usedAttributes>
<attributeRef>A96D9BB6-2B1F-AE86-4843-546B89DF0F5C</attributeRef>
</usedAttributes>
</identifier>
</identifiers>
</Entity>