<?xml version = '1.0' encoding = 'UTF-8'?>
<Entity class="oracle.dbtools.crest.model.design.logical.Entity" directorySegmentName="seg_0" id="B08DAC93-1042-0AB2-79E3-9354FAE81F73" name="Categoria">
<createdBy>Ambiente</createdBy>
<createdTime>2023-03-16 21:47:24 UTC</createdTime>
<ownerDesignName>ProyectoAdsoSena</ownerDesignName>
<engineerTo>
<item key="920E4AF3-7549-322C-6F8C-BC4B45A9DDFD" value="true"/>
</engineerTo>
<adequatelyNormalized>NO</adequatelyNormalized>
<expectedVolumes>0</expectedVolumes>
<fwdEngineeringStrategyName>Single Table</fwdEngineeringStrategyName>
<growthPercent>0</growthPercent>
<growthType>Year</growthType>
<maxVolumes>9999999</maxVolumes>
<minVolumes>0</minVolumes>
<normalForm>Third</normalForm>
<attributes itemClass="oracle.dbtools.crest.model.design.logical.Attribute">
<Attribute name="ID Categoria" id="96B98214-95E1-1126-1806-ACED9F800A6D">
<createdBy>Ambiente</createdBy>
<createdTime>2023-03-16 22:03:05 UTC</createdTime>
<comment><![CDATA[Identificador unico de la categoria]]></comment>
<commentInRDBMS><![CDATA[Identificador unico de la categoria]]></commentInRDBMS>
<ownerDesignName>ProyectoAdsoSena</ownerDesignName>
<engineerTo>
<item key="920E4AF3-7549-322C-6F8C-BC4B45A9DDFD" value="true"/>
</engineerTo>
<useDomainConstraints>false</useDomainConstraints>
<use>1</use>
<logicalDatatype>LOGDT037</logicalDatatype>
<dataTypeSize>65 CHAR</dataTypeSize>
<ownDataTypeParameters>65 CHAR,,</ownDataTypeParameters>
</Attribute>
<Attribute name="Nombre" id="993D5D36-1CA6-AF5B-2445-17AC284E90EE">
<createdBy>Ambiente</createdBy>
<createdTime>2023-03-16 22:03:22 UTC</createdTime>
<comment><![CDATA[Nombre de la categoria]]></comment>
<commentInRDBMS><![CDATA[Nombre de la categoria]]></commentInRDBMS>
<ownerDesignName>ProyectoAdsoSena</ownerDesignName>
<engineerTo>
<item key="920E4AF3-7549-322C-6F8C-BC4B45A9DDFD" value="true"/>
</engineerTo>
<useDomainConstraints>false</useDomainConstraints>
<use>1</use>
<logicalDatatype>LOGDT037</logicalDatatype>
<dataTypeSize>65 CHAR</dataTypeSize>
<ownDataTypeParameters>65 CHAR,,</ownDataTypeParameters>
</Attribute>
</attributes>
<identifiers itemClass="oracle.dbtools.crest.model.design.logical.CandidateKey">
<identifier id="5297F555-2757-F447-A345-639D01E9AFBA" name="Categoria PK">
<createdBy>Ambiente</createdBy>
<createdTime>2023-03-16 22:03:18 UTC</createdTime>
<ownerDesignName>ProyectoAdsoSena</ownerDesignName>
<shouldEngineer>false</shouldEngineer>
<engineerTo>
<item key="920E4AF3-7549-322C-6F8C-BC4B45A9DDFD" value="false"/>
</engineerTo>
<pk>true</pk>
<usedAttributes>
<attributeRef>96B98214-95E1-1126-1806-ACED9F800A6D</attributeRef>
</usedAttributes>
</identifier>
</identifiers>
</Entity>