<?xml version = '1.0' encoding = 'UTF-8'?>
<Entity class="oracle.dbtools.crest.model.design.logical.Entity" directorySegmentName="seg_0" id="B2EB7C1C-A9A4-2BF1-A1C1-B71F8543A098" name="Factura">
<createdBy>Ambiente</createdBy>
<createdTime>2023-03-16 21:47:31 UTC</createdTime>
<ownerDesignName>ProyectoAdsoSena</ownerDesignName>
<engineerTo>
<item key="920E4AF3-7549-322C-6F8C-BC4B45A9DDFD" value="true"/>
</engineerTo>
<adequatelyNormalized>NO</adequatelyNormalized>
<expectedVolumes>0</expectedVolumes>
<fwdEngineeringStrategyName>Single Table</fwdEngineeringStrategyName>
<growthPercent>0</growthPercent>
<growthType>Year</growthType>
<maxVolumes>9999999</maxVolumes>
<minVolumes>0</minVolumes>
<normalForm>Third</normalForm>
<attributes itemClass="oracle.dbtools.crest.model.design.logical.Attribute">
<Attribute name="ID Factura" id="54E217EE-9C46-9215-77B4-9B3651B228DE">
<createdBy>Ambiente</createdBy>
<createdTime>2023-03-16 22:01:27 UTC</createdTime>
<comment><![CDATA[Identificador unico de la factura]]></comment>
<commentInRDBMS><![CDATA[Identificador unico de la factura]]></commentInRDBMS>
<ownerDesignName>ProyectoAdsoSena</ownerDesignName>
<engineerTo>
<item key="920E4AF3-7549-322C-6F8C-BC4B45A9DDFD" value="true"/>
</engineerTo>
<useDomainConstraints>false</useDomainConstraints>
<use>1</use>
<logicalDatatype>LOGDT037</logicalDatatype>
<dataTypeSize>30 CHAR</dataTypeSize>
<ownDataTypeParameters>30 CHAR,,</ownDataTypeParameters>
</Attribute>
<Attribute name="Metodo Pago IDSeleMetodoPago" id="427E6C55-681A-18E2-41D0-09651E57545C">
<createdBy>Ambiente</createdBy>
<createdTime>2023-03-16 22:26:55 UTC</createdTime>
<generatorID>7ECC361E-18AB-7580-6775-99479D41CEBB</generatorID>
<ownerDesignName>ProyectoAdsoSena</ownerDesignName>
<engineerTo>
<item key="920E4AF3-7549-322C-6F8C-BC4B45A9DDFD" value="true"/>
</engineerTo>
<referedAttribute>C45E6141-1156-44B0-BC12-42FC47B471C5</referedAttribute>
<useDomainConstraints>false</useDomainConstraints>
<use>1</use>
<logicalDatatype>LOGDT011</logicalDatatype>
<ownDataTypeParameters>,,</ownDataTypeParameters>
</Attribute>
<Attribute name="Cliente NumeroDocumento" id="ECCF8AA9-9785-B043-45B1-A8E0015CF83E">
<createdBy>Ambiente</createdBy>
<createdTime>2023-04-11 18:28:03 UTC</createdTime>
<comment><![CDATA[Numero de cedula del cliente]]></comment>
<generatorID>7D31C071-9A57-E836-EFA0-FEAE4D78802E</generatorID>
<ownerDesignName>ProyectoAdsoSena</ownerDesignName>
<engineerTo>
<item key="920E4AF3-7549-322C-6F8C-BC4B45A9DDFD" value="true"/>
</engineerTo>
<referedAttribute>46A96FA9-C3CC-13FB-12CB-DAB752C52DB6</referedAttribute>
<useDomainConstraints>false</useDomainConstraints>
<use>1</use>
<logicalDatatype>LOGDT037</logicalDatatype>
<dataTypeSize>65 CHAR</dataTypeSize>
<ownDataTypeParameters>65 CHAR,,</ownDataTypeParameters>
</Attribute>
<Attribute name="Fecha1" id="0D88C6F0-D1DF-6377-279D-FC31EA4B4BC3">
<createdBy>Valeria</createdBy>
<createdTime>2023-04-12 03:56:18 UTC</createdTime>
<comment><![CDATA[Fecha en la que se realizo la factura]]></comment>
<commentInRDBMS><![CDATA[Fecha en la que se realizo la factura]]></commentInRDBMS>
<generatorID>43BF7C8C-E0C0-C96A-8C3B-19188327D79B</generatorID>
<ownerDesignName>ProyectoAdsoSena</ownerDesignName>
<engineerTo>
<item key="920E4AF3-7549-322C-6F8C-BC4B45A9DDFD" value="true"/>
</engineerTo>
<useDomainConstraints>false</useDomainConstraints>
<use>1</use>
<logicalDatatype>LOGDT008</logicalDatatype>
<ownDataTypeParameters>,,</ownDataTypeParameters>
</Attribute>
</attributes>
<identifiers itemClass="oracle.dbtools.crest.model.design.logical.CandidateKey">
<identifier id="74B06EA4-F813-15D8-963E-4CC9EFF401D1" name="Factura PK">
<createdBy>Ambiente</createdBy>
<createdTime>2023-03-16 22:01:41 UTC</createdTime>
<ownerDesignName>ProyectoAdsoSena</ownerDesignName>
<shouldEngineer>false</shouldEngineer>
<engineerTo>
<item key="920E4AF3-7549-322C-6F8C-BC4B45A9DDFD" value="false"/>
</engineerTo>
<pk>true</pk>
<usedAttributes>
<attributeRef>54E217EE-9C46-9215-77B4-9B3651B228DE</attributeRef>
<attributeRef>427E6C55-681A-18E2-41D0-09651E57545C</attributeRef>
</usedAttributes>
</identifier>
</identifiers>
</Entity>