<?xml version = '1.0' encoding = 'UTF-8'?>
<Entity class="oracle.dbtools.crest.model.design.logical.Entity" directorySegmentName="seg_0" id="BBD71863-7EC1-A0F9-25B7-F29FC5507D08" name="Factura proveedor">
<createdBy>Ambiente</createdBy>
<createdTime>2023-04-11 18:30:05 UTC</createdTime>
<ownerDesignName>ProyectoAdsoSena</ownerDesignName>
<engineerTo>
<item key="920E4AF3-7549-322C-6F8C-BC4B45A9DDFD" value="true"/>
</engineerTo>
<adequatelyNormalized>NO</adequatelyNormalized>
<expectedVolumes>0</expectedVolumes>
<fwdEngineeringStrategyName>Single Table</fwdEngineeringStrategyName>
<growthPercent>0</growthPercent>
<growthType>Year</growthType>
<maxVolumes>9999999</maxVolumes>
<minVolumes>0</minVolumes>
<normalForm>Third</normalForm>
<attributes itemClass="oracle.dbtools.crest.model.design.logical.Attribute">
<Attribute name="ID Factura" id="6AF6D310-BC14-7F7D-F71C-3EF48872B634">
<createdBy>Ambiente</createdBy>
<createdTime>2023-04-11 18:30:05 UTC</createdTime>
<comment><![CDATA[Identificador unico de la factura]]></comment>
<commentInRDBMS><![CDATA[Identificador unico de la factura]]></commentInRDBMS>
<ownerDesignName>ProyectoAdsoSena</ownerDesignName>
<engineerTo>
<item key="920E4AF3-7549-322C-6F8C-BC4B45A9DDFD" value="true"/>
</engineerTo>
<useDomainConstraints>false</useDomainConstraints>
<use>1</use>
<logicalDatatype>LOGDT037</logicalDatatype>
<dataTypeSize>30 CHAR</dataTypeSize>
<ownDataTypeParameters>30 CHAR,,</ownDataTypeParameters>
</Attribute>
<Attribute name="fecha" id="FD5DC871-F6AF-7C99-71CD-9BEAE034D50A">
<createdBy>Ambiente</createdBy>
<createdTime>2023-04-11 18:30:05 UTC</createdTime>
<comment><![CDATA[Iva del  valor de la factura]]></comment>
<commentInRDBMS><![CDATA[Fecha de la factura 
]]></commentInRDBMS>
<ownerDesignName>ProyectoAdsoSena</ownerDesignName>
<engineerTo>
<item key="920E4AF3-7549-322C-6F8C-BC4B45A9DDFD" value="true"/>
</engineerTo>
<useDomainConstraints>false</useDomainConstraints>
<use>1</use>
<logicalDatatype>LOGDT037</logicalDatatype>
<dataTypeSize>30 CHAR</dataTypeSize>
<ownDataTypeParameters>30 CHAR,,</ownDataTypeParameters>
</Attribute>
<Attribute name="Proveedor ID Proveedor" id="89F8DE77-651C-037D-4FD7-1DFA6D708896">
<createdBy>Ambiente</createdBy>
<createdTime>2023-04-11 18:31:15 UTC</createdTime>
<comment><![CDATA[Identificador unico del proveedor]]></comment>
<generatorID>2D4E2708-ED40-36E3-AF28-47765C35DF32</generatorID>
<ownerDesignName>ProyectoAdsoSena</ownerDesignName>
<engineerTo>
<item key="920E4AF3-7549-322C-6F8C-BC4B45A9DDFD" value="true"/>
</engineerTo>
<referedAttribute>AEFE998D-926F-36C3-8C2F-290FB0F1EF9A</referedAttribute>
<useDomainConstraints>false</useDomainConstraints>
<use>1</use>
<logicalDatatype>LOGDT037</logicalDatatype>
<dataTypeSize>65 CHAR</dataTypeSize>
<ownDataTypeParameters>65 CHAR,,</ownDataTypeParameters>
</Attribute>
</attributes>
<identifiers itemClass="oracle.dbtools.crest.model.design.logical.CandidateKey">
<identifier id="28EFE85C-B771-ABC3-7563-FE2179F67B6E" name="Facturav2_PK">
<createdBy>Ambiente</createdBy>
<createdTime>2023-04-11 18:30:05 UTC</createdTime>
<ownerDesignName>ProyectoAdsoSena</ownerDesignName>
<shouldEngineer>false</shouldEngineer>
<engineerTo>
<item key="920E4AF3-7549-322C-6F8C-BC4B45A9DDFD" value="false"/>
</engineerTo>
<pk>true</pk>
<usedAttributes>
<attributeRef>6AF6D310-BC14-7F7D-F71C-3EF48872B634</attributeRef>
<attributeRef>89F8DE77-651C-037D-4FD7-1DFA6D708896</attributeRef>
</usedAttributes>
</identifier>
</identifiers>
</Entity>