<?xml version = '1.0' encoding = 'UTF-8'?>
<Entity class="oracle.dbtools.crest.model.design.logical.Entity" directorySegmentName="seg_0" id="BD4C6627-5C44-902B-480A-582D5A355964" name="Efectivo">
<createdBy>Ambiente</createdBy>
<createdTime>2023-03-16 22:24:03 UTC</createdTime>
<ownerDesignName>ProyectoAdsoSena</ownerDesignName>
<engineerTo>
<item key="920E4AF3-7549-322C-6F8C-BC4B45A9DDFD" value="true"/>
</engineerTo>
<adequatelyNormalized>NO</adequatelyNormalized>
<expectedVolumes>0</expectedVolumes>
<fwdEngineeringStrategyName>Single Table</fwdEngineeringStrategyName>
<growthPercent>0</growthPercent>
<growthType>Year</growthType>
<maxVolumes>9999999</maxVolumes>
<minVolumes>0</minVolumes>
<normalForm>Third</normalForm>
<attributes itemClass="oracle.dbtools.crest.model.design.logical.Attribute">
<Attribute name="ValorPago" id="7394DF9A-0176-98FD-2F5A-392738CE3E8B">
<createdBy>Ambiente</createdBy>
<createdTime>2023-03-16 22:25:19 UTC</createdTime>
<comment><![CDATA[Valor total a pagar ]]></comment>
<commentInRDBMS><![CDATA[Valor total a pagar ]]></commentInRDBMS>
<ownerDesignName>ProyectoAdsoSena</ownerDesignName>
<engineerTo>
<item key="920E4AF3-7549-322C-6F8C-BC4B45A9DDFD" value="true"/>
</engineerTo>
<useDomainConstraints>false</useDomainConstraints>
<use>1</use>
<logicalDatatype>LOGDT043</logicalDatatype>
<ownDataTypeParameters>,,</ownDataTypeParameters>
</Attribute>
</attributes>
<identifiers itemClass="oracle.dbtools.crest.model.design.logical.CandidateKey">
<identifier id="BE49EEE1-0318-4CAC-0409-F963931CF0AF" name="Efectivo PK">
<createdBy>Ambiente</createdBy>
<createdTime>2023-03-16 22:25:37 UTC</createdTime>
<ownerDesignName>ProyectoAdsoSena</ownerDesignName>
<shouldEngineer>false</shouldEngineer>
<engineerTo>
<item key="920E4AF3-7549-322C-6F8C-BC4B45A9DDFD" value="false"/>
</engineerTo>
<pk>true</pk>
<usedAttributes>
<attributeRef>7394DF9A-0176-98FD-2F5A-392738CE3E8B</attributeRef>
</usedAttributes>
</identifier>
</identifiers>
</Entity>