<?xml version = '1.0' encoding = 'UTF-8'?>
<Entity class="oracle.dbtools.crest.model.design.logical.Entity" directorySegmentName="seg_0" id="BDD92DB1-54C7-C4D0-BB2C-223B9902C85C" name="Detalle_factura_Proveedor">
<createdBy>Ambiente</createdBy>
<createdTime>2023-04-11 18:28:58 UTC</createdTime>
<ownerDesignName>ModeloLogicoComp</ownerDesignName>
<engineerTo>
<item key="920E4AF3-7549-322C-6F8C-BC4B45A9DDFD" value="true"/>
</engineerTo>
<adequatelyNormalized>NO</adequatelyNormalized>
<expectedVolumes>0</expectedVolumes>
<fwdEngineeringStrategyName>Single Table</fwdEngineeringStrategyName>
<growthPercent>0</growthPercent>
<growthType>Year</growthType>
<maxVolumes>9999999</maxVolumes>
<minVolumes>0</minVolumes>
<normalForm>Third</normalForm>
<attributes itemClass="oracle.dbtools.crest.model.design.logical.Attribute">
<Attribute name="Id detalle" id="E7F93804-8458-3E68-1773-D0BD0199694C">
<createdBy>Ambiente</createdBy>
<createdTime>2023-04-11 18:28:58 UTC</createdTime>
<commentInRDBMS><![CDATA[identificador del detalle de pedido]]></commentInRDBMS>
<ownerDesignName>ModeloLogicoComp</ownerDesignName>
<engineerTo>
<item key="920E4AF3-7549-322C-6F8C-BC4B45A9DDFD" value="true"/>
</engineerTo>
<useDomainConstraints>false</useDomainConstraints>
<use>1</use>
<logicalDatatype>LOGDT037</logicalDatatype>
<dataTypeSize>30 CHAR</dataTypeSize>
<ownDataTypeParameters>30 CHAR,,</ownDataTypeParameters>
</Attribute>
<Attribute name="Id_Producto" id="BFC97865-6CD0-652D-52BB-EF17BFD3EFA0">
<createdBy>Valeria</createdBy>
<createdTime>2023-04-12 04:20:19 UTC</createdTime>
<comment><![CDATA[Identificador unico del producto]]></comment>
<commentInRDBMS><![CDATA[Identificador unico del producto]]></commentInRDBMS>
<ownerDesignName>ModeloLogicoComp</ownerDesignName>
<engineerTo>
<item key="920E4AF3-7549-322C-6F8C-BC4B45A9DDFD" value="true"/>
</engineerTo>
<useDomainConstraints>false</useDomainConstraints>
<use>1</use>
<logicalDatatype>LOGDT037</logicalDatatype>
<dataTypeSize>40 CHAR</dataTypeSize>
<ownDataTypeParameters>40 CHAR,,</ownDataTypeParameters>
</Attribute>
<Attribute name="Producto" id="8EA4C896-D8A4-C535-4032-B49B0E7BD0BD">
<createdBy>Ambiente</createdBy>
<createdTime>2023-04-11 22:17:23 UTC</createdTime>
<comment><![CDATA[Nombre del producto]]></comment>
<commentInRDBMS><![CDATA[Nombre del producto]]></commentInRDBMS>
<ownerDesignName>ModeloLogicoComp</ownerDesignName>
<engineerTo>
<item key="920E4AF3-7549-322C-6F8C-BC4B45A9DDFD" value="true"/>
</engineerTo>
<useDomainConstraints>false</useDomainConstraints>
<use>1</use>
<logicalDatatype>LOGDT037</logicalDatatype>
<dataTypeSize>65 CHAR</dataTypeSize>
<ownDataTypeParameters>65 CHAR,,</ownDataTypeParameters>
</Attribute>
<Attribute name="cantidad" id="E3FBE5C5-234F-07D4-9D14-C507E6A69A3F">
<createdBy>Ambiente</createdBy>
<createdTime>2023-04-11 18:28:58 UTC</createdTime>
<commentInRDBMS><![CDATA[cantidad de productos del pedido]]></commentInRDBMS>
<ownerDesignName>ModeloLogicoComp</ownerDesignName>
<engineerTo>
<item key="920E4AF3-7549-322C-6F8C-BC4B45A9DDFD" value="true"/>
</engineerTo>
<useDomainConstraints>false</useDomainConstraints>
<use>1</use>
<logicalDatatype>LOGDT011</logicalDatatype>
<ownDataTypeParameters>,,</ownDataTypeParameters>
</Attribute>
<Attribute name="precio" id="C044BAD8-174E-4BF9-1336-5E3EE63F1E2F">
<createdBy>Ambiente</createdBy>
<createdTime>2023-04-11 18:28:58 UTC</createdTime>
<commentInRDBMS><![CDATA[precio de los productos del pedido
]]></commentInRDBMS>
<ownerDesignName>ModeloLogicoComp</ownerDesignName>
<engineerTo>
<item key="920E4AF3-7549-322C-6F8C-BC4B45A9DDFD" value="true"/>
</engineerTo>
<useDomainConstraints>false</useDomainConstraints>
<use>1</use>
<logicalDatatype>LOGDT011</logicalDatatype>
<ownDataTypeParameters>,,</ownDataTypeParameters>
</Attribute>
<Attribute name="iva" id="AD462C34-6F91-D6F0-E916-550CA9447BEF">
<createdBy>Ambiente</createdBy>
<createdTime>2023-04-11 18:28:58 UTC</createdTime>
<commentInRDBMS><![CDATA[iva de los productos del pedido]]></commentInRDBMS>
<ownerDesignName>ModeloLogicoComp</ownerDesignName>
<engineerTo>
<item key="920E4AF3-7549-322C-6F8C-BC4B45A9DDFD" value="true"/>
</engineerTo>
<useDomainConstraints>false</useDomainConstraints>
<use>1</use>
<logicalDatatype>LOGDT011</logicalDatatype>
<ownDataTypeParameters>,,</ownDataTypeParameters>
</Attribute>
<Attribute name="subtotal" id="35AF9AB8-4120-BEBD-53F3-3721C0787795">
<createdBy>Ambiente</createdBy>
<createdTime>2023-04-11 18:28:58 UTC</createdTime>
<commentInRDBMS><![CDATA[subtotal del pedido]]></commentInRDBMS>
<ownerDesignName>ModeloLogicoComp</ownerDesignName>
<engineerTo>
<item key="920E4AF3-7549-322C-6F8C-BC4B45A9DDFD" value="true"/>
</engineerTo>
<useDomainConstraints>false</useDomainConstraints>
<use>1</use>
<logicalDatatype>LOGDT011</logicalDatatype>
<ownDataTypeParameters>,,</ownDataTypeParameters>
</Attribute>
<Attribute name="total" id="CA11AC88-8C0F-777F-166C-8E72AABA7B43">
<createdBy>Ambiente</createdBy>
<createdTime>2023-04-11 18:28:58 UTC</createdTime>
<commentInRDBMS><![CDATA[total del pedido
]]></commentInRDBMS>
<ownerDesignName>ModeloLogicoComp</ownerDesignName>
<engineerTo>
<item key="920E4AF3-7549-322C-6F8C-BC4B45A9DDFD" value="true"/>
</engineerTo>
<useDomainConstraints>false</useDomainConstraints>
<use>1</use>
<logicalDatatype>LOGDT011</logicalDatatype>
<ownDataTypeParameters>,,</ownDataTypeParameters>
</Attribute>
<Attribute name="Factura proveedor ID Factura" id="37EF4984-C161-C5EE-52ED-06823E174462">
<createdBy>Ambiente</createdBy>
<createdTime>2023-04-11 18:31:20 UTC</createdTime>
<comment><![CDATA[Identificador unico de la factura]]></comment>
<generatorID>D7335407-77FF-844F-852C-B3A97B6282BA</generatorID>
<ownerDesignName>ModeloLogicoComp</ownerDesignName>
<engineerTo>
<item key="920E4AF3-7549-322C-6F8C-BC4B45A9DDFD" value="true"/>
</engineerTo>
<referedAttribute>6AF6D310-BC14-7F7D-F71C-3EF48872B634</referedAttribute>
<useDomainConstraints>false</useDomainConstraints>
<use>1</use>
<logicalDatatype>LOGDT037</logicalDatatype>
<dataTypeSize>30 CHAR</dataTypeSize>
<ownDataTypeParameters>30 CHAR,,</ownDataTypeParameters>
</Attribute>
<Attribute name="Proveedor ID Proveedor" id="4007A5E9-7EF5-AFAC-C929-53E0A37A7056">
<createdBy>Ambiente</createdBy>
<createdTime>2023-04-11 18:31:20 UTC</createdTime>
<comment><![CDATA[Identificador unico del proveedor]]></comment>
<generatorID>D7335407-77FF-844F-852C-B3A97B6282BA</generatorID>
<ownerDesignName>ModeloLogicoComp</ownerDesignName>
<engineerTo>
<item key="920E4AF3-7549-322C-6F8C-BC4B45A9DDFD" value="true"/>
</engineerTo>
<referedAttribute>89F8DE77-651C-037D-4FD7-1DFA6D708896</referedAttribute>
<useDomainConstraints>false</useDomainConstraints>
<use>1</use>
<logicalDatatype>LOGDT037</logicalDatatype>
<dataTypeSize>65 CHAR</dataTypeSize>
<ownDataTypeParameters>65 CHAR,,</ownDataTypeParameters>
</Attribute>
<Attribute name="Productos ID Producto1" id="E579CCF6-73A5-1AF2-4771-719B1DEC4EE1">
<createdBy>Ambiente</createdBy>
<createdTime>2023-04-11 18:31:35 UTC</createdTime>
<comment><![CDATA[Identificador unico del producto]]></comment>
<generatorID>53FDE5DA-D2A2-D33B-B926-2AD3BC5EBFA3</generatorID>
<ownerDesignName>ModeloLogicoComp</ownerDesignName>
<engineerTo>
<item key="920E4AF3-7549-322C-6F8C-BC4B45A9DDFD" value="true"/>
</engineerTo>
<referedAttribute>33A06AAA-87F1-BA35-E4BC-4EB3609254B6</referedAttribute>
<useDomainConstraints>false</useDomainConstraints>
<use>1</use>
<logicalDatatype>LOGDT037</logicalDatatype>
<dataTypeSize>65 CHAR</dataTypeSize>
<ownDataTypeParameters>65 CHAR,,</ownDataTypeParameters>
</Attribute>
</attributes>
<identifiers itemClass="oracle.dbtools.crest.model.design.logical.CandidateKey">
<identifier id="B21BC0AD-ED44-EBC6-4B11-ABD7307F8971" name="Detalle_pedido_PK">
<createdBy>Ambiente</createdBy>
<createdTime>2023-04-11 18:28:58 UTC</createdTime>
<ownerDesignName>ModeloLogicoComp</ownerDesignName>
<shouldEngineer>false</shouldEngineer>
<engineerTo>
<item key="920E4AF3-7549-322C-6F8C-BC4B45A9DDFD" value="false"/>
</engineerTo>
<pk>true</pk>
<usedAttributes>
<attributeRef>E7F93804-8458-3E68-1773-D0BD0199694C</attributeRef>
<attributeRef>37EF4984-C161-C5EE-52ED-06823E174462</attributeRef>
<attributeRef>4007A5E9-7EF5-AFAC-C929-53E0A37A7056</attributeRef>
<attributeRef>E579CCF6-73A5-1AF2-4771-719B1DEC4EE1</attributeRef>
</usedAttributes>
</identifier>
</identifiers>
</Entity>