<?xml version = '1.0' encoding = 'UTF-8'?>
<Entity class="oracle.dbtools.crest.model.design.logical.Entity" directorySegmentName="seg_0" id="C013F837-20A2-D429-62F9-3BF9E756FF2E" name="Stock">
<createdBy>Ambiente</createdBy>
<createdTime>2023-03-16 21:47:03 UTC</createdTime>
<ownerDesignName>ProyectoAdsoSena</ownerDesignName>
<engineerTo>
<item key="920E4AF3-7549-322C-6F8C-BC4B45A9DDFD" value="true"/>
</engineerTo>
<adequatelyNormalized>NO</adequatelyNormalized>
<expectedVolumes>0</expectedVolumes>
<fwdEngineeringStrategyName>Single Table</fwdEngineeringStrategyName>
<growthPercent>0</growthPercent>
<growthType>Year</growthType>
<maxVolumes>9999999</maxVolumes>
<minVolumes>0</minVolumes>
<normalForm>Third</normalForm>
<attributes itemClass="oracle.dbtools.crest.model.design.logical.Attribute">
<Attribute name="ID Stock" id="846ED7A3-B7BB-6D2B-11CA-99F771CEC9C0">
<createdBy>Ambiente</createdBy>
<createdTime>2023-03-16 21:52:45 UTC</createdTime>
<comment><![CDATA[Identificador unico del stock ]]></comment>
<commentInRDBMS><![CDATA[Identificador unico del stock ]]></commentInRDBMS>
<ownerDesignName>ProyectoAdsoSena</ownerDesignName>
<engineerTo>
<item key="920E4AF3-7549-322C-6F8C-BC4B45A9DDFD" value="true"/>
</engineerTo>
<useDomainConstraints>false</useDomainConstraints>
<use>1</use>
<logicalDatatype>LOGDT037</logicalDatatype>
<dataTypeSize>65 CHAR</dataTypeSize>
<ownDataTypeParameters>65 CHAR,,</ownDataTypeParameters>
</Attribute>
<Attribute name="Cantidad Real" id="E902896E-0D9E-FCB0-193E-6B6E90ADADAD">
<createdBy>Ambiente</createdBy>
<createdTime>2023-03-16 21:53:03 UTC</createdTime>
<comment><![CDATA[Cantidad real de un producto determinado que se encuentra en el stock]]></comment>
<commentInRDBMS><![CDATA[Cantidad real de un producto determinado que se encuentra en el stock]]></commentInRDBMS>
<ownerDesignName>ProyectoAdsoSena</ownerDesignName>
<engineerTo>
<item key="920E4AF3-7549-322C-6F8C-BC4B45A9DDFD" value="true"/>
</engineerTo>
<useDomainConstraints>false</useDomainConstraints>
<use>1</use>
<logicalDatatype>LOGDT037</logicalDatatype>
<dataTypeSize>65 CHAR</dataTypeSize>
<ownDataTypeParameters>65 CHAR,,</ownDataTypeParameters>
</Attribute>
<Attribute name="Cantidad Ideal" id="4831D63D-BD61-8465-1E3A-6DE298C3431C">
<createdBy>Ambiente</createdBy>
<createdTime>2023-03-16 21:53:20 UTC</createdTime>
<comment><![CDATA[Cantidad ideal de un producto determinado que se encuentra en el stock]]></comment>
<commentInRDBMS><![CDATA[Cantidad ideal de un producto determinado que se encuentra en el stock]]></commentInRDBMS>
<ownerDesignName>ProyectoAdsoSena</ownerDesignName>
<engineerTo>
<item key="920E4AF3-7549-322C-6F8C-BC4B45A9DDFD" value="true"/>
</engineerTo>
<useDomainConstraints>false</useDomainConstraints>
<use>1</use>
<logicalDatatype>LOGDT037</logicalDatatype>
<dataTypeSize>65 CHAR</dataTypeSize>
<ownDataTypeParameters>65 CHAR,,</ownDataTypeParameters>
</Attribute>
<Attribute name="Cantidad Minima" id="9A38B3C3-3958-E4DC-097E-ABF94FFE2B7A">
<createdBy>Ambiente</createdBy>
<createdTime>2023-03-16 21:54:11 UTC</createdTime>
<comment><![CDATA[Cantidad minima que debe de tener un producto determinadoen  el stock]]></comment>
<commentInRDBMS><![CDATA[Cantidad minima que debe de tener un producto determinadoen  el stock]]></commentInRDBMS>
<ownerDesignName>ProyectoAdsoSena</ownerDesignName>
<engineerTo>
<item key="920E4AF3-7549-322C-6F8C-BC4B45A9DDFD" value="true"/>
</engineerTo>
<useDomainConstraints>false</useDomainConstraints>
<use>1</use>
<logicalDatatype>LOGDT037</logicalDatatype>
<dataTypeSize>65 CHAR</dataTypeSize>
<ownDataTypeParameters>65 CHAR,,</ownDataTypeParameters>
</Attribute>
<Attribute name="Cantidad Alarmar" id="8DDE7687-FBB3-4E26-822A-E79855AAA564">
<createdBy>Ambiente</createdBy>
<createdTime>2023-03-16 21:53:36 UTC</createdTime>
<comment><![CDATA[Cantidad de alarma que debe de tener un producto en  el stock ]]></comment>
<commentInRDBMS><![CDATA[Cantidad de alarma que debe de tener un producto en  el stock ]]></commentInRDBMS>
<ownerDesignName>ProyectoAdsoSena</ownerDesignName>
<engineerTo>
<item key="920E4AF3-7549-322C-6F8C-BC4B45A9DDFD" value="true"/>
</engineerTo>
<useDomainConstraints>false</useDomainConstraints>
<use>1</use>
<logicalDatatype>LOGDT037</logicalDatatype>
<dataTypeSize>65 CHAR</dataTypeSize>
<ownDataTypeParameters>65 CHAR,,</ownDataTypeParameters>
</Attribute>
<Attribute name="Fecha Ingreso" id="CB585473-9EB0-8104-D680-ABC1A8F43AC6">
<createdBy>Ambiente</createdBy>
<createdTime>2023-03-16 21:53:57 UTC</createdTime>
<comment><![CDATA[Fecha de ingreso del producto al stock]]></comment>
<commentInRDBMS><![CDATA[Fecha de ingreso del producto al stock]]></commentInRDBMS>
<ownerDesignName>ProyectoAdsoSena</ownerDesignName>
<engineerTo>
<item key="920E4AF3-7549-322C-6F8C-BC4B45A9DDFD" value="true"/>
</engineerTo>
<useDomainConstraints>false</useDomainConstraints>
<use>1</use>
<logicalDatatype>LOGDT008</logicalDatatype>
<ownDataTypeParameters>,,</ownDataTypeParameters>
</Attribute>
<Attribute name="Productos ID Producto1" id="2D026AD2-4732-48B7-1CB2-D4C55E68D0B8">
<createdBy>Ambiente</createdBy>
<createdTime>2023-03-16 22:08:42 UTC</createdTime>
<generatorID>3924174F-4314-3AD2-F260-BE7F3BE4EFBD</generatorID>
<ownerDesignName>ProyectoAdsoSena</ownerDesignName>
<engineerTo>
<item key="920E4AF3-7549-322C-6F8C-BC4B45A9DDFD" value="true"/>
</engineerTo>
<referedAttribute>33A06AAA-87F1-BA35-E4BC-4EB3609254B6</referedAttribute>
<useDomainConstraints>false</useDomainConstraints>
<use>1</use>
<logicalDatatype>LOGDT037</logicalDatatype>
<dataTypeSize>65 CHAR</dataTypeSize>
<ownDataTypeParameters>65 CHAR,,</ownDataTypeParameters>
</Attribute>
</attributes>
<identifiers itemClass="oracle.dbtools.crest.model.design.logical.CandidateKey">
<identifier id="BFAC2E77-117D-B009-7F1B-1EF78C63EE01" name="Stock PK">
<createdBy>Ambiente</createdBy>
<createdTime>2023-03-16 21:52:59 UTC</createdTime>
<ownerDesignName>ProyectoAdsoSena</ownerDesignName>
<shouldEngineer>false</shouldEngineer>
<engineerTo>
<item key="920E4AF3-7549-322C-6F8C-BC4B45A9DDFD" value="false"/>
</engineerTo>
<pk>true</pk>
<usedAttributes>
<attributeRef>846ED7A3-B7BB-6D2B-11CA-99F771CEC9C0</attributeRef>
<attributeRef>2D026AD2-4732-48B7-1CB2-D4C55E68D0B8</attributeRef>
</usedAttributes>
</identifier>
</identifiers>
</Entity>