<?xml version = '1.0' encoding = 'UTF-8'?>
<Entity class="oracle.dbtools.crest.model.design.logical.Entity" directorySegmentName="seg_0" id="C910CB5F-265E-88A1-5DD0-157ECABF4004" name="Detalle factura">
<createdBy>Ambiente</createdBy>
<createdTime>2023-04-11 18:24:49 UTC</createdTime>
<ownerDesignName>ProyectoAdsoSena</ownerDesignName>
<engineerTo>
<item key="920E4AF3-7549-322C-6F8C-BC4B45A9DDFD" value="true"/>
</engineerTo>
<adequatelyNormalized>NO</adequatelyNormalized>
<expectedVolumes>0</expectedVolumes>
<fwdEngineeringStrategyName>Single Table</fwdEngineeringStrategyName>
<growthPercent>0</growthPercent>
<growthType>Year</growthType>
<maxVolumes>9999999</maxVolumes>
<minVolumes>0</minVolumes>
<normalForm>Third</normalForm>
<attributes itemClass="oracle.dbtools.crest.model.design.logical.Attribute">
<Attribute name="Id factura" id="9AFF8E25-5EEE-40E9-BFD4-7EDE75E0D1CD">
<createdBy>Ambiente</createdBy>
<createdTime>2023-04-11 18:25:07 UTC</createdTime>
<comment><![CDATA[identificador unico de la factura]]></comment>
<commentInRDBMS><![CDATA[identificador unico de la factura]]></commentInRDBMS>
<ownerDesignName>ProyectoAdsoSena</ownerDesignName>
<engineerTo>
<item key="920E4AF3-7549-322C-6F8C-BC4B45A9DDFD" value="true"/>
</engineerTo>
<useDomainConstraints>false</useDomainConstraints>
<use>1</use>
<logicalDatatype>LOGDT037</logicalDatatype>
<ownDataTypeParameters>,,</ownDataTypeParameters>
</Attribute>
<Attribute name="IDProducto" id="44F11294-6288-9E2E-3A72-FA619ABCF89E">
<createdBy>Ambiente</createdBy>
<createdTime>2023-04-11 22:24:40 UTC</createdTime>
<comment><![CDATA[Identificador unico del producto]]></comment>
<commentInRDBMS><![CDATA[Identificador unico del producto]]></commentInRDBMS>
<ownerDesignName>ProyectoAdsoSena</ownerDesignName>
<engineerTo>
<item key="920E4AF3-7549-322C-6F8C-BC4B45A9DDFD" value="true"/>
</engineerTo>
<useDomainConstraints>false</useDomainConstraints>
<use>1</use>
<logicalDatatype>LOGDT037</logicalDatatype>
<dataTypeSize>65 CHAR</dataTypeSize>
<ownDataTypeParameters>65 CHAR,,</ownDataTypeParameters>
</Attribute>
<Attribute name="Producto" id="1F6C944A-9FCC-CB63-7B92-0A999B88ADAF">
<createdBy>Ambiente</createdBy>
<createdTime>2023-04-11 22:19:22 UTC</createdTime>
<comment><![CDATA[Nombre del producto]]></comment>
<commentInRDBMS><![CDATA[Nombre del producto]]></commentInRDBMS>
<ownerDesignName>ProyectoAdsoSena</ownerDesignName>
<engineerTo>
<item key="920E4AF3-7549-322C-6F8C-BC4B45A9DDFD" value="true"/>
</engineerTo>
<useDomainConstraints>false</useDomainConstraints>
<use>1</use>
<logicalDatatype>LOGDT037</logicalDatatype>
<dataTypeSize>65 CHAR</dataTypeSize>
<ownDataTypeParameters>65 CHAR,,</ownDataTypeParameters>
</Attribute>
<Attribute name="cantidad" id="483B2614-F578-6B0D-FE8D-A5E0EC3D5FCB">
<createdBy>Ambiente</createdBy>
<createdTime>2023-04-11 18:25:23 UTC</createdTime>
<commentInRDBMS><![CDATA[cantidad de los productos]]></commentInRDBMS>
<ownerDesignName>ProyectoAdsoSena</ownerDesignName>
<engineerTo>
<item key="920E4AF3-7549-322C-6F8C-BC4B45A9DDFD" value="true"/>
</engineerTo>
<useDomainConstraints>false</useDomainConstraints>
<use>1</use>
<logicalDatatype>LOGDT011</logicalDatatype>
<ownDataTypeParameters>,,</ownDataTypeParameters>
</Attribute>
<Attribute name="precioUNT" id="9483FA68-FE14-E93E-19DA-DEF6C974B501">
<createdBy>Ambiente</createdBy>
<createdTime>2023-04-11 18:25:52 UTC</createdTime>
<commentInRDBMS><![CDATA[precio de los productos]]></commentInRDBMS>
<ownerDesignName>ProyectoAdsoSena</ownerDesignName>
<engineerTo>
<item key="920E4AF3-7549-322C-6F8C-BC4B45A9DDFD" value="true"/>
</engineerTo>
<useDomainConstraints>false</useDomainConstraints>
<use>1</use>
<logicalDatatype>LOGDT011</logicalDatatype>
<ownDataTypeParameters>,,</ownDataTypeParameters>
</Attribute>
<Attribute name="iva" id="4C1F389C-03C9-3570-D315-0E157CF1AE93">
<createdBy>Ambiente</createdBy>
<createdTime>2023-04-11 18:25:58 UTC</createdTime>
<commentInRDBMS><![CDATA[iva de los productos]]></commentInRDBMS>
<ownerDesignName>ProyectoAdsoSena</ownerDesignName>
<engineerTo>
<item key="920E4AF3-7549-322C-6F8C-BC4B45A9DDFD" value="true"/>
</engineerTo>
<useDomainConstraints>false</useDomainConstraints>
<use>1</use>
<logicalDatatype>LOGDT011</logicalDatatype>
<ownDataTypeParameters>,,</ownDataTypeParameters>
</Attribute>
<Attribute name="subtotal" id="B58BD5EE-6C18-3647-D292-4CC3D0C97FD5">
<createdBy>Ambiente</createdBy>
<createdTime>2023-04-11 18:26:02 UTC</createdTime>
<commentInRDBMS><![CDATA[subtotal de la compra]]></commentInRDBMS>
<ownerDesignName>ProyectoAdsoSena</ownerDesignName>
<engineerTo>
<item key="920E4AF3-7549-322C-6F8C-BC4B45A9DDFD" value="true"/>
</engineerTo>
<useDomainConstraints>false</useDomainConstraints>
<use>1</use>
<logicalDatatype>LOGDT011</logicalDatatype>
<ownDataTypeParameters>,,</ownDataTypeParameters>
</Attribute>
<Attribute name="total" id="1BD06D54-6C8E-6162-B6B1-CCE854CB4153">
<createdBy>Ambiente</createdBy>
<createdTime>2023-04-11 18:26:10 UTC</createdTime>
<commentInRDBMS><![CDATA[total de la compra
]]></commentInRDBMS>
<ownerDesignName>ProyectoAdsoSena</ownerDesignName>
<engineerTo>
<item key="920E4AF3-7549-322C-6F8C-BC4B45A9DDFD" value="true"/>
</engineerTo>
<useDomainConstraints>false</useDomainConstraints>
<use>1</use>
<logicalDatatype>LOGDT011</logicalDatatype>
<ownDataTypeParameters>,,</ownDataTypeParameters>
</Attribute>
<Attribute name="ID Factura" id="3688F034-A583-E4E3-0261-67C8F1C192A2">
<createdBy>Ambiente</createdBy>
<createdTime>2023-04-11 18:28:10 UTC</createdTime>
<comment><![CDATA[Identificador unico de la factura]]></comment>
<generatorID>9D3CAE58-D7ED-AFB6-D6CA-21D6BB24A6E9</generatorID>
<ownerDesignName>ProyectoAdsoSena</ownerDesignName>
<engineerTo>
<item key="920E4AF3-7549-322C-6F8C-BC4B45A9DDFD" value="true"/>
</engineerTo>
<referedAttribute>54E217EE-9C46-9215-77B4-9B3651B228DE</referedAttribute>
<useDomainConstraints>false</useDomainConstraints>
<use>1</use>
<logicalDatatype>LOGDT037</logicalDatatype>
<dataTypeSize>30 CHAR</dataTypeSize>
<ownDataTypeParameters>30 CHAR,,</ownDataTypeParameters>
</Attribute>
<Attribute name="Metodo Pago IDSeleMetodoPago" id="C8A6C696-AA35-D267-8F2F-10A379093444">
<createdBy>Ambiente</createdBy>
<createdTime>2023-04-11 18:28:10 UTC</createdTime>
<generatorID>9D3CAE58-D7ED-AFB6-D6CA-21D6BB24A6E9</generatorID>
<ownerDesignName>ProyectoAdsoSena</ownerDesignName>
<engineerTo>
<item key="920E4AF3-7549-322C-6F8C-BC4B45A9DDFD" value="true"/>
</engineerTo>
<referedAttribute>427E6C55-681A-18E2-41D0-09651E57545C</referedAttribute>
<useDomainConstraints>false</useDomainConstraints>
<use>1</use>
<logicalDatatype>LOGDT011</logicalDatatype>
<ownDataTypeParameters>,,</ownDataTypeParameters>
</Attribute>
<Attribute name="Productos ID Producto1" id="39F0F5D8-4F5C-C551-31D7-147AC1A0F7E8">
<createdBy>Ambiente</createdBy>
<createdTime>2023-04-11 18:31:49 UTC</createdTime>
<comment><![CDATA[Identificador unico del producto]]></comment>
<generatorID>BC31B164-03D6-2BFD-AE1D-36CC531EB606</generatorID>
<ownerDesignName>ProyectoAdsoSena</ownerDesignName>
<engineerTo>
<item key="920E4AF3-7549-322C-6F8C-BC4B45A9DDFD" value="true"/>
</engineerTo>
<referedAttribute>33A06AAA-87F1-BA35-E4BC-4EB3609254B6</referedAttribute>
<useDomainConstraints>false</useDomainConstraints>
<use>1</use>
<logicalDatatype>LOGDT037</logicalDatatype>
<dataTypeSize>65 CHAR</dataTypeSize>
<ownDataTypeParameters>65 CHAR,,</ownDataTypeParameters>
</Attribute>
</attributes>
<identifiers itemClass="oracle.dbtools.crest.model.design.logical.CandidateKey">
<identifier id="2F600F44-008F-D1CE-5E9B-7472493E47FF" name="Detalle_factura_PK">
<createdBy>Ambiente</createdBy>
<createdTime>2023-04-11 18:25:21 UTC</createdTime>
<ownerDesignName>ProyectoAdsoSena</ownerDesignName>
<shouldEngineer>false</shouldEngineer>
<engineerTo>
<item key="920E4AF3-7549-322C-6F8C-BC4B45A9DDFD" value="false"/>
</engineerTo>
<pk>true</pk>
<usedAttributes>
<attributeRef>9AFF8E25-5EEE-40E9-BFD4-7EDE75E0D1CD</attributeRef>
<attributeRef>39F0F5D8-4F5C-C551-31D7-147AC1A0F7E8</attributeRef>
</usedAttributes>
</identifier>
</identifiers>
</Entity>