<?xml version = '1.0' encoding = 'UTF-8'?>
<Entity class="oracle.dbtools.crest.model.design.logical.Entity" directorySegmentName="seg_0" id="D1CD35A8-5B7F-B68F-454A-FD46BC11BF9B" name="EntidadBancaria">
<createdBy>Ambiente</createdBy>
<createdTime>2023-03-16 22:24:12 UTC</createdTime>
<ownerDesignName>ProyectoAdsoSena</ownerDesignName>
<engineerTo>
<item key="920E4AF3-7549-322C-6F8C-BC4B45A9DDFD" value="true"/>
</engineerTo>
<adequatelyNormalized>NO</adequatelyNormalized>
<expectedVolumes>0</expectedVolumes>
<fwdEngineeringStrategyName>Single Table</fwdEngineeringStrategyName>
<growthPercent>0</growthPercent>
<growthType>Year</growthType>
<maxVolumes>9999999</maxVolumes>
<minVolumes>0</minVolumes>
<normalForm>Third</normalForm>
<attributes itemClass="oracle.dbtools.crest.model.design.logical.Attribute">
<Attribute name="IDEntBan" id="6433F58D-9CCB-DE44-6CFF-B1A380FFA051">
<createdBy>Ambiente</createdBy>
<createdTime>2023-03-16 22:24:22 UTC</createdTime>
<comment><![CDATA[Identificador unico de la entidad bancaria]]></comment>
<commentInRDBMS><![CDATA[Identificador unico de la entidad bancaria]]></commentInRDBMS>
<ownerDesignName>ProyectoAdsoSena</ownerDesignName>
<engineerTo>
<item key="920E4AF3-7549-322C-6F8C-BC4B45A9DDFD" value="true"/>
</engineerTo>
<useDomainConstraints>false</useDomainConstraints>
<use>1</use>
<logicalDatatype>LOGDT037</logicalDatatype>
<dataTypeSize>30 CHAR</dataTypeSize>
<ownDataTypeParameters>30 CHAR,,</ownDataTypeParameters>
</Attribute>
<Attribute name="Nombre" id="1AC1AD2F-5DD0-A040-DE3B-CDBB5A23A382">
<createdBy>Ambiente</createdBy>
<createdTime>2023-03-16 22:24:41 UTC</createdTime>
<comment><![CDATA[Nombre de la entidad bancaria ]]></comment>
<commentInRDBMS><![CDATA[Nombre de la entidad bancaria ]]></commentInRDBMS>
<ownerDesignName>ProyectoAdsoSena</ownerDesignName>
<engineerTo>
<item key="920E4AF3-7549-322C-6F8C-BC4B45A9DDFD" value="true"/>
</engineerTo>
<useDomainConstraints>false</useDomainConstraints>
<use>1</use>
<logicalDatatype>LOGDT037</logicalDatatype>
<dataTypeSize>30 CHAR</dataTypeSize>
<ownDataTypeParameters>30 CHAR,,</ownDataTypeParameters>
</Attribute>
<Attribute name="Monto" id="3DDDD1CD-0B4F-B564-736B-96108609B7DE">
<createdBy>Ambiente</createdBy>
<createdTime>2023-03-16 22:24:55 UTC</createdTime>
<comment><![CDATA[Monto a pagar]]></comment>
<commentInRDBMS><![CDATA[Monto a pagar]]></commentInRDBMS>
<ownerDesignName>ProyectoAdsoSena</ownerDesignName>
<engineerTo>
<item key="920E4AF3-7549-322C-6F8C-BC4B45A9DDFD" value="true"/>
</engineerTo>
<useDomainConstraints>false</useDomainConstraints>
<use>1</use>
<logicalDatatype>LOGDT043</logicalDatatype>
<ownDataTypeParameters>,,</ownDataTypeParameters>
</Attribute>
</attributes>
<identifiers itemClass="oracle.dbtools.crest.model.design.logical.CandidateKey">
<identifier id="9E81AAAF-B6CA-400E-C453-882DEF4E6761" name="EntidadBancaria PK">
<createdBy>Ambiente</createdBy>
<createdTime>2023-03-16 22:24:40 UTC</createdTime>
<ownerDesignName>ProyectoAdsoSena</ownerDesignName>
<shouldEngineer>false</shouldEngineer>
<engineerTo>
<item key="920E4AF3-7549-322C-6F8C-BC4B45A9DDFD" value="false"/>
</engineerTo>
<pk>true</pk>
<usedAttributes>
<attributeRef>6433F58D-9CCB-DE44-6CFF-B1A380FFA051</attributeRef>
</usedAttributes>
</identifier>
</identifiers>
</Entity>