<?xml version = '1.0' encoding = 'UTF-8'?>
<Entity class="oracle.dbtools.crest.model.design.logical.Entity" directorySegmentName="seg_0" id="EDB7B80C-4422-E7C4-EB44-209F2FB4B00E" name="Metodo Pago">
<createdBy>Ambiente</createdBy>
<createdTime>2023-03-16 22:18:36 UTC</createdTime>
<ownerDesignName>ProyectoAdsoSena</ownerDesignName>
<engineerTo>
<item key="920E4AF3-7549-322C-6F8C-BC4B45A9DDFD" value="true"/>
</engineerTo>
<adequatelyNormalized>NO</adequatelyNormalized>
<expectedVolumes>0</expectedVolumes>
<fwdEngineeringStrategyName>Single Table</fwdEngineeringStrategyName>
<growthPercent>0</growthPercent>
<growthType>Year</growthType>
<maxVolumes>9999999</maxVolumes>
<minVolumes>0</minVolumes>
<normalForm>Third</normalForm>
<attributes itemClass="oracle.dbtools.crest.model.design.logical.Attribute">
<Attribute name="IDMetodoPago" id="C45E6141-1156-44B0-BC12-42FC47B471C5">
<createdBy>Ambiente</createdBy>
<createdTime>2023-03-16 22:18:45 UTC</createdTime>
<comment><![CDATA[Identificador unico de la seleccion de entidad bancaria]]></comment>
<commentInRDBMS><![CDATA[Identificador unico de la seleccion de entidad bancaria]]></commentInRDBMS>
<ownerDesignName>ProyectoAdsoSena</ownerDesignName>
<engineerTo>
<item key="920E4AF3-7549-322C-6F8C-BC4B45A9DDFD" value="true"/>
</engineerTo>
<useDomainConstraints>false</useDomainConstraints>
<use>1</use>
<logicalDatatype>LOGDT011</logicalDatatype>
<ownDataTypeParameters>,,</ownDataTypeParameters>
</Attribute>
<Attribute name="FechaPago" id="A805F7F7-5721-7DB5-3FA5-ECFB73FAD518">
<createdBy>Ambiente</createdBy>
<createdTime>2023-03-16 22:19:13 UTC</createdTime>
<comment><![CDATA[Fecha de pago ]]></comment>
<commentInRDBMS><![CDATA[Fecha de pago ]]></commentInRDBMS>
<ownerDesignName>ProyectoAdsoSena</ownerDesignName>
<engineerTo>
<item key="920E4AF3-7549-322C-6F8C-BC4B45A9DDFD" value="true"/>
</engineerTo>
<useDomainConstraints>false</useDomainConstraints>
<use>1</use>
<logicalDatatype>LOGDT008</logicalDatatype>
<ownDataTypeParameters>,,</ownDataTypeParameters>
</Attribute>
<Attribute name="EntidadBancaria IDEntBan" id="F8E1D8DE-3124-D8EE-9A79-E0263B3EA25E">
<createdBy>Ambiente</createdBy>
<createdTime>2023-03-16 22:50:36 UTC</createdTime>
<generatorID>61B62803-0413-4681-41E0-385639A88F73</generatorID>
<ownerDesignName>ProyectoAdsoSena</ownerDesignName>
<engineerTo>
<item key="920E4AF3-7549-322C-6F8C-BC4B45A9DDFD" value="true"/>
</engineerTo>
<referedAttribute>6433F58D-9CCB-DE44-6CFF-B1A380FFA051</referedAttribute>
<useDomainConstraints>false</useDomainConstraints>
<use>1</use>
<logicalDatatype>LOGDT037</logicalDatatype>
<dataTypeSize>30 CHAR</dataTypeSize>
<ownDataTypeParameters>30 CHAR,,</ownDataTypeParameters>
</Attribute>
<Attribute name="Efectivo ValorPago" id="15F21E1B-2896-78BE-F2F2-1CBED6C52D58">
<createdBy>Ambiente</createdBy>
<createdTime>2023-03-16 22:50:42 UTC</createdTime>
<generatorID>900F97F3-7799-73B9-31B7-D9B77EB04C19</generatorID>
<ownerDesignName>ProyectoAdsoSena</ownerDesignName>
<engineerTo>
<item key="920E4AF3-7549-322C-6F8C-BC4B45A9DDFD" value="true"/>
</engineerTo>
<referedAttribute>7394DF9A-0176-98FD-2F5A-392738CE3E8B</referedAttribute>
<useDomainConstraints>false</useDomainConstraints>
<use>1</use>
<logicalDatatype>LOGDT043</logicalDatatype>
<ownDataTypeParameters>,,</ownDataTypeParameters>
</Attribute>
</attributes>
<identifiers itemClass="oracle.dbtools.crest.model.design.logical.CandidateKey">
<identifier id="18B4C5FF-1E91-82A9-7D84-684DDFE1A508" name="Metodo_Pago_PK">
<createdBy>Ambiente</createdBy>
<createdTime>2023-03-16 22:19:21 UTC</createdTime>
<ownerDesignName>ProyectoAdsoSena</ownerDesignName>
<shouldEngineer>false</shouldEngineer>
<engineerTo>
<item key="920E4AF3-7549-322C-6F8C-BC4B45A9DDFD" value="false"/>
</engineerTo>
<pk>true</pk>
<usedAttributes>
<attributeRef>C45E6141-1156-44B0-BC12-42FC47B471C5</attributeRef>
</usedAttributes>
</identifier>
</identifiers>
</Entity>