<?xml version = '1.0' encoding = 'UTF-8'?>
<relationalModel class="oracle.dbtools.crest.model.design.relational.RelationalDesign" name="Relational_1" id="920E4AF3-7549-322C-6F8C-BC4B45A9DDFD" mainViewID="1B6FA6D4-A4B4-0E56-80C2-33E25BAFD28F">
<createdBy>Ambiente</createdBy>
<createdTime>2023-03-16 21:46:34 UTC</createdTime>
<ownerDesignName>inventarios</ownerDesignName>
<shouldBeOpen>true</shouldBeOpen>
<selectedRDBMSSite>32076570-2523-435C-2E92-BF29817DFF70</selectedRDBMSSite>
</relationalModel>