<?xml version = '1.0' encoding = 'UTF-8'?>
<Table class="oracle.dbtools.crest.model.design.relational.Table" directorySegmentName="seg_0" id="308526CA-1DFC-F788-4433-0E7E3B2A688F" name="EntidadBancaria">
<createdBy>Ambiente</createdBy>
<createdTime>2023-03-16 22:27:25 UTC</createdTime>
<generatorID>D1CD35A8-5B7F-B68F-454A-FD46BC11BF9B</generatorID>
<ownerDesignName>ProyectoAdsoSena</ownerDesignName>
<allowColumnReorder>false</allowColumnReorder>
<existDependencyGenerateInDDl>true</existDependencyGenerateInDDl>
<parsed>true</parsed>
<columns itemClass="oracle.dbtools.crest.model.design.relational.Column">
<Column name="IDEntBan" id="91E8FC14-52D3-3E13-85E0-39D27AB8E0B9">
<createdBy>Ambiente</createdBy>
<createdTime>2023-03-16 22:27:25 UTC</createdTime>
<comment><![CDATA[Identificador unico de la entidad bancaria]]></comment>
<commentInRDBMS><![CDATA[Identificador unico de la entidad bancaria]]></commentInRDBMS>
<generatorID>6433F58D-9CCB-DE44-6CFF-B1A380FFA051</generatorID>
<ownerDesignName>ProyectoAdsoSena</ownerDesignName>
<useDomainConstraints>false</useDomainConstraints>
<use>1</use>
<logicalDatatype>LOGDT037</logicalDatatype>
<dataTypeSize>30 CHAR</dataTypeSize>
<ownDataTypeParameters>30 CHAR,,</ownDataTypeParameters>
<autoIncrementCycle>false</autoIncrementCycle>
</Column>
<Column name="Nombre" id="812E6CAE-D3A2-2343-7B60-46E678493911">
<createdBy>Ambiente</createdBy>
<createdTime>2023-03-16 22:27:25 UTC</createdTime>
<comment><![CDATA[Nombre de la entidad bancaria ]]></comment>
<commentInRDBMS><![CDATA[Nombre de la entidad bancaria ]]></commentInRDBMS>
<generatorID>1AC1AD2F-5DD0-A040-DE3B-CDBB5A23A382</generatorID>
<ownerDesignName>ProyectoAdsoSena</ownerDesignName>
<useDomainConstraints>false</useDomainConstraints>
<use>1</use>
<logicalDatatype>LOGDT037</logicalDatatype>
<dataTypeSize>30 CHAR</dataTypeSize>
<ownDataTypeParameters>30 CHAR,,</ownDataTypeParameters>
<autoIncrementCycle>false</autoIncrementCycle>
</Column>
<Column name="Monto" id="C9056168-3B27-A67B-86BD-9F8C9EBBE769">
<createdBy>Ambiente</createdBy>
<createdTime>2023-03-16 22:27:25 UTC</createdTime>
<comment><![CDATA[Monto a pagar]]></comment>
<commentInRDBMS><![CDATA[Monto a pagar]]></commentInRDBMS>
<generatorID>3DDDD1CD-0B4F-B564-736B-96108609B7DE</generatorID>
<ownerDesignName>ProyectoAdsoSena</ownerDesignName>
<useDomainConstraints>false</useDomainConstraints>
<use>1</use>
<logicalDatatype>LOGDT043</logicalDatatype>
<ownDataTypeParameters>,,</ownDataTypeParameters>
<autoIncrementCycle>false</autoIncrementCycle>
</Column>
</columns>
<indexes itemClass="oracle.dbtools.crest.model.design.relational.Index">
<ind_PK_UK id="5BC026C2-3656-7202-DF04-29054808681D" name="EntidadBancaria_PK">
<createdBy>Ambiente</createdBy>
<createdTime>2023-03-16 22:27:25 UTC</createdTime>
<generatorID>9E81AAAF-B6CA-400E-C453-882DEF4E6761</generatorID>
<ownerDesignName>ProyectoAdsoSena</ownerDesignName>
<pk>true</pk>
<indexState>Primary Constraint</indexState>
<isSurrogateKey>false</isSurrogateKey>
<indexColumnUsage>
<colUsage columnID="91E8FC14-52D3-3E13-85E0-39D27AB8E0B9"/>
</indexColumnUsage>
</ind_PK_UK>
</indexes>
</Table>