<?xml version = '1.0' encoding = 'UTF-8'?>
<Table class="oracle.dbtools.crest.model.design.relational.Table" directorySegmentName="seg_0" id="313DD604-FE4E-A7B1-E24B-CE481189E31E" name="Proveedor">
<createdBy>Ambiente</createdBy>
<createdTime>2023-03-16 22:27:25 UTC</createdTime>
<generatorID>3D43A469-E083-B504-2676-9815C334BC64</generatorID>
<ownerDesignName>ProyectoAdsoSena</ownerDesignName>
<allowColumnReorder>false</allowColumnReorder>
<existDependencyGenerateInDDl>true</existDependencyGenerateInDDl>
<parsed>true</parsed>
<columns itemClass="oracle.dbtools.crest.model.design.relational.Column">
<Column name="ID_Proveedor" id="E678CB4F-C1AD-D892-336C-3C3A039C4C28">
<createdBy>Ambiente</createdBy>
<createdTime>2023-03-16 22:27:25 UTC</createdTime>
<comment><![CDATA[Identificador unico del proveedor]]></comment>
<commentInRDBMS><![CDATA[Identificador unico del proveedor]]></commentInRDBMS>
<generatorID>AEFE998D-926F-36C3-8C2F-290FB0F1EF9A</generatorID>
<ownerDesignName>ProyectoAdsoSena</ownerDesignName>
<useDomainConstraints>false</useDomainConstraints>
<use>1</use>
<logicalDatatype>LOGDT037</logicalDatatype>
<dataTypeSize>65 CHAR</dataTypeSize>
<ownDataTypeParameters>65 CHAR,,</ownDataTypeParameters>
<autoIncrementCycle>false</autoIncrementCycle>
</Column>
<Column name="Nombre" id="B07B9812-45A1-FC74-8554-797FE438088C">
<createdBy>Ambiente</createdBy>
<createdTime>2023-03-16 22:27:25 UTC</createdTime>
<comment><![CDATA[Nombre del proveedor]]></comment>
<commentInRDBMS><![CDATA[Nombre del proveedor]]></commentInRDBMS>
<generatorID>3DD5CA78-A7BF-9DDC-85BD-DAE165DF7651</generatorID>
<ownerDesignName>ProyectoAdsoSena</ownerDesignName>
<useDomainConstraints>false</useDomainConstraints>
<use>1</use>
<logicalDatatype>LOGDT037</logicalDatatype>
<dataTypeSize>65 CHAR</dataTypeSize>
<ownDataTypeParameters>65 CHAR,,</ownDataTypeParameters>
<autoIncrementCycle>false</autoIncrementCycle>
</Column>
<Column name="Apellido" id="B4DB7EA8-DE2D-5517-4CA0-257BBA5CD8AF">
<createdBy>Ambiente</createdBy>
<createdTime>2023-03-16 22:27:25 UTC</createdTime>
<comment><![CDATA[Apellido del proveedor]]></comment>
<commentInRDBMS><![CDATA[Apellido del proveedor]]></commentInRDBMS>
<generatorID>EB5DB841-1D61-A9B4-F3FE-28A841166635</generatorID>
<ownerDesignName>ProyectoAdsoSena</ownerDesignName>
<useDomainConstraints>false</useDomainConstraints>
<use>1</use>
<logicalDatatype>LOGDT037</logicalDatatype>
<dataTypeSize>65 CHAR</dataTypeSize>
<ownDataTypeParameters>65 CHAR,,</ownDataTypeParameters>
<autoIncrementCycle>false</autoIncrementCycle>
</Column>
<Column name="Correo" id="25996930-1160-C50D-9137-F769113D4275">
<createdBy>Ambiente</createdBy>
<createdTime>2023-03-16 22:27:25 UTC</createdTime>
<comment><![CDATA[Correo electronico del proveedor ]]></comment>
<commentInRDBMS><![CDATA[Correo electronico del proveedor ]]></commentInRDBMS>
<generatorID>4FEA7AD8-89A7-F184-F74F-B37119595858</generatorID>
<ownerDesignName>ProyectoAdsoSena</ownerDesignName>
<useDomainConstraints>false</useDomainConstraints>
<use>1</use>
<logicalDatatype>LOGDT037</logicalDatatype>
<dataTypeSize>65 CHAR</dataTypeSize>
<ownDataTypeParameters>65 CHAR,,</ownDataTypeParameters>
<autoIncrementCycle>false</autoIncrementCycle>
</Column>
<Column name="Contacto" id="5D074DD7-8314-0DC7-298A-AADEB5FC64D8">
<createdBy>Ambiente</createdBy>
<createdTime>2023-03-16 22:27:25 UTC</createdTime>
<comment><![CDATA[Contacto telefonico del proveedor]]></comment>
<commentInRDBMS><![CDATA[Contacto telefonico del proveedor]]></commentInRDBMS>
<generatorID>F1EE152F-3D49-1515-ADBC-AC2FB6572FBE</generatorID>
<ownerDesignName>ProyectoAdsoSena</ownerDesignName>
<useDomainConstraints>false</useDomainConstraints>
<use>1</use>
<logicalDatatype>LOGDT037</logicalDatatype>
<dataTypeSize>65 CHAR</dataTypeSize>
<ownDataTypeParameters>65 CHAR,,</ownDataTypeParameters>
<autoIncrementCycle>false</autoIncrementCycle>
</Column>
<Column name="Direccion" id="AD1BCFA1-0D6B-070C-AF73-04B59E4BF5F9">
<createdBy>Ambiente</createdBy>
<createdTime>2023-03-16 22:27:25 UTC</createdTime>
<comment><![CDATA[Dirección del proveedor ]]></comment>
<commentInRDBMS><![CDATA[Dirección del proveedor ]]></commentInRDBMS>
<generatorID>8F110842-E579-AFEA-850A-4BBDA6CE2F10</generatorID>
<ownerDesignName>ProyectoAdsoSena</ownerDesignName>
<useDomainConstraints>false</useDomainConstraints>
<use>1</use>
<logicalDatatype>LOGDT037</logicalDatatype>
<dataTypeSize>65 CHAR</dataTypeSize>
<ownDataTypeParameters>65 CHAR,,</ownDataTypeParameters>
<autoIncrementCycle>false</autoIncrementCycle>
</Column>
</columns>
<indexes itemClass="oracle.dbtools.crest.model.design.relational.Index">
<ind_PK_UK id="60E12BF3-821F-2D5D-B1C1-548317192293" name="Proveedor_PK">
<createdBy>Ambiente</createdBy>
<createdTime>2023-03-16 22:27:25 UTC</createdTime>
<generatorID>5788CB0F-8DB8-4E77-9AC0-7709AF726A3B</generatorID>
<ownerDesignName>ProyectoAdsoSena</ownerDesignName>
<pk>true</pk>
<indexState>Primary Constraint</indexState>
<isSurrogateKey>false</isSurrogateKey>
<indexColumnUsage>
<colUsage columnID="E678CB4F-C1AD-D892-336C-3C3A039C4C28"/>
</indexColumnUsage>
</ind_PK_UK>
</indexes>
</Table>