<?xml version = '1.0' encoding = 'UTF-8'?>
<Table class="oracle.dbtools.crest.model.design.relational.Table" directorySegmentName="seg_0" id="4C2E8C5B-F29A-35BC-760E-732D1AD44E1B" name="Metodo_Pago">
<createdBy>Ambiente</createdBy>
<createdTime>2023-03-16 22:27:25 UTC</createdTime>
<generatorID>EDB7B80C-4422-E7C4-EB44-209F2FB4B00E</generatorID>
<ownerDesignName>ProyectoAdsoSena</ownerDesignName>
<allowColumnReorder>false</allowColumnReorder>
<existDependencyGenerateInDDl>true</existDependencyGenerateInDDl>
<parsed>true</parsed>
<columns itemClass="oracle.dbtools.crest.model.design.relational.Column">
<Column name="IDMetodoPago" id="146D4940-3B08-CC0A-9AA4-551522733B3B">
<createdBy>Ambiente</createdBy>
<createdTime>2023-03-16 22:27:25 UTC</createdTime>
<comment><![CDATA[Identificador unico de la seleccion de entidad bancaria]]></comment>
<commentInRDBMS><![CDATA[Identificador unico de la seleccion de entidad bancaria]]></commentInRDBMS>
<generatorID>C45E6141-1156-44B0-BC12-42FC47B471C5</generatorID>
<ownerDesignName>ProyectoAdsoSena</ownerDesignName>
<useDomainConstraints>false</useDomainConstraints>
<use>1</use>
<logicalDatatype>LOGDT011</logicalDatatype>
<ownDataTypeParameters>,,</ownDataTypeParameters>
<autoIncrementCycle>false</autoIncrementCycle>
</Column>
<Column name="FechaPago" id="25A5BDA9-5E26-6C7E-E590-AD83BC9B26AD">
<createdBy>Ambiente</createdBy>
<createdTime>2023-03-16 22:27:25 UTC</createdTime>
<comment><![CDATA[Fecha de pago ]]></comment>
<commentInRDBMS><![CDATA[Fecha de pago ]]></commentInRDBMS>
<generatorID>A805F7F7-5721-7DB5-3FA5-ECFB73FAD518</generatorID>
<ownerDesignName>ProyectoAdsoSena</ownerDesignName>
<useDomainConstraints>false</useDomainConstraints>
<use>1</use>
<logicalDatatype>LOGDT008</logicalDatatype>
<ownDataTypeParameters>,,</ownDataTypeParameters>
<autoIncrementCycle>false</autoIncrementCycle>
</Column>
<Column name="EfectivoValo_Pago" id="81A7A0DE-37D7-FCD1-F219-30D28342ED29">
<createdBy>Ambiente</createdBy>
<createdTime>2023-03-16 22:27:25 UTC</createdTime>
<generatorID>33705192-F046-FC72-2124-F3EAFBA12028</generatorID>
<ownerDesignName>ProyectoAdsoSena</ownerDesignName>
<useDomainConstraints>false</useDomainConstraints>
<use>1</use>
<logicalDatatype>LOGDT043</logicalDatatype>
<ownDataTypeParameters>,,</ownDataTypeParameters>
<previousColumn>false</previousColumn>
<autoIncrementCycle>false</autoIncrementCycle>
</Column>
<Column name="EntidadBancaria_ID_EntidadBancaria" id="AAB2622A-CDC5-6120-8C04-9082C662B23E">
<createdBy>Ambiente</createdBy>
<createdTime>2023-03-16 22:27:25 UTC</createdTime>
<generatorID>B5483EDA-97B4-B238-9CC1-CBE9C6EB56AE</generatorID>
<ownerDesignName>ProyectoAdsoSena</ownerDesignName>
<useDomainConstraints>false</useDomainConstraints>
<use>1</use>
<logicalDatatype>A3A3C77D-0366-9768-FF89-1C25E56881C8</logicalDatatype>
<dataTypeSize>30</dataTypeSize>
<ownDataTypeParameters>30,,</ownDataTypeParameters>
<previousColumn>false</previousColumn>
<autoIncrementCycle>false</autoIncrementCycle>
</Column>
<Column name="EntidadBancaria_IDEntBan" id="A51F8B27-7797-408C-22ED-ECACE75435B0">
<createdBy>Ambiente</createdBy>
<createdTime>2023-03-16 22:50:54 UTC</createdTime>
<generatorID>F8E1D8DE-3124-D8EE-9A79-E0263B3EA25E</generatorID>
<ownerDesignName>ProyectoAdsoSena</ownerDesignName>
<useDomainConstraints>false</useDomainConstraints>
<use>1</use>
<logicalDatatype>LOGDT037</logicalDatatype>
<dataTypeSize>30 CHAR</dataTypeSize>
<ownDataTypeParameters>30 CHAR,,</ownDataTypeParameters>
<previousColumn>false</previousColumn>
<autoIncrementCycle>false</autoIncrementCycle>
<associations>
<colAssociation fkAssociation="D74CF01B-A663-1284-59C4-44FD42311F4D" referredColumn="91E8FC14-52D3-3E13-85E0-39D27AB8E0B9"/>
</associations>
</Column>
<Column name="Efectivo_ValorPago" id="C40AA2A8-4E47-1F21-97C4-582D396DC739">
<createdBy>Ambiente</createdBy>
<createdTime>2023-03-16 22:50:54 UTC</createdTime>
<generatorID>15F21E1B-2896-78BE-F2F2-1CBED6C52D58</generatorID>
<ownerDesignName>ProyectoAdsoSena</ownerDesignName>
<useDomainConstraints>false</useDomainConstraints>
<use>1</use>
<logicalDatatype>LOGDT043</logicalDatatype>
<ownDataTypeParameters>,,</ownDataTypeParameters>
<previousColumn>false</previousColumn>
<autoIncrementCycle>false</autoIncrementCycle>
<associations>
<colAssociation fkAssociation="869FF6A9-5793-1765-11B8-E9E4D23E2864" referredColumn="B1994A61-54F1-643C-8937-AAC620283024"/>
</associations>
</Column>
</columns>
<indexes itemClass="oracle.dbtools.crest.model.design.relational.Index">
<ind_PK_UK id="5C1EB484-42FE-50CF-92F0-37CDD3373C33" name="Metodo_Pago_PK">
<createdBy>Ambiente</createdBy>
<createdTime>2023-03-16 22:27:25 UTC</createdTime>
<generatorID>18B4C5FF-1E91-82A9-7D84-684DDFE1A508</generatorID>
<ownerDesignName>ProyectoAdsoSena</ownerDesignName>
<pk>true</pk>
<indexState>Primary Constraint</indexState>
<isSurrogateKey>false</isSurrogateKey>
<indexColumnUsage>
<colUsage columnID="146D4940-3B08-CC0A-9AA4-551522733B3B"/>
<colUsage columnID="81A7A0DE-37D7-FCD1-F219-30D28342ED29"/>
<colUsage columnID="AAB2622A-CDC5-6120-8C04-9082C662B23E"/>
</indexColumnUsage>
</ind_PK_UK>
<ind_PK_UK id="8830FB3A-5BDE-60DA-516E-5F8EA2529451" name="Metodo_Pago__IDX">
<createdBy>Ambiente</createdBy>
<createdTime>2023-03-30 22:06:17 UTC</createdTime>
<ownerDesignName>ProyectoAdsoSena</ownerDesignName>
<indexState>Unique Plain Index</indexState>
<isSurrogateKey>false</isSurrogateKey>
<relationGeneratorID>61B62803-0413-4681-41E0-385639A88F73</relationGeneratorID>
<indexColumnUsage>
<colUsage columnID="A51F8B27-7797-408C-22ED-ECACE75435B0"/>
</indexColumnUsage>
</ind_PK_UK>
<ind_PK_UK id="C8BF1F07-7CB2-3270-6D60-F856A10D9F1B" name="Metodo_Pago__IDXv1">
<createdBy>Ambiente</createdBy>
<createdTime>2023-03-30 22:06:17 UTC</createdTime>
<ownerDesignName>ProyectoAdsoSena</ownerDesignName>
<indexState>Unique Plain Index</indexState>
<isSurrogateKey>false</isSurrogateKey>
<relationGeneratorID>900F97F3-7799-73B9-31B7-D9B77EB04C19</relationGeneratorID>
<indexColumnUsage>
<colUsage columnID="C40AA2A8-4E47-1F21-97C4-582D396DC739"/>
</indexColumnUsage>
</ind_PK_UK>
<ind_PK_UK id="56762033-353A-23FA-33E8-3303D71AA00A" name="Metodo_Pago_EntidadBancaria_FK">
<createdBy>Ambiente</createdBy>
<createdTime>2023-03-16 22:50:54 UTC</createdTime>
<generatorID>61B62803-0413-4681-41E0-385639A88F73</generatorID>
<ownerDesignName>ProyectoAdsoSena</ownerDesignName>
<indexState>Foreign Key</indexState>
<isSurrogateKey>false</isSurrogateKey>
<indexColumnUsage>
<colUsage columnID="A51F8B27-7797-408C-22ED-ECACE75435B0"/>
</indexColumnUsage>
</ind_PK_UK>
<ind_PK_UK id="8EA9C11C-B0E4-0355-8BEE-7BFFF945A7E9" name="Metodo_Pago_Efectivo_FK">
<createdBy>Ambiente</createdBy>
<createdTime>2023-03-16 22:50:54 UTC</createdTime>
<generatorID>900F97F3-7799-73B9-31B7-D9B77EB04C19</generatorID>
<ownerDesignName>ProyectoAdsoSena</ownerDesignName>
<indexState>Foreign Key</indexState>
<isSurrogateKey>false</isSurrogateKey>
<indexColumnUsage>
<colUsage columnID="C40AA2A8-4E47-1F21-97C4-582D396DC739"/>
</indexColumnUsage>
</ind_PK_UK>
</indexes>
</Table>