<?xml version = '1.0' encoding = 'UTF-8'?>
<Table class="oracle.dbtools.crest.model.design.relational.Table" directorySegmentName="seg_0" id="4C65EE8B-6593-AD43-CBF5-CCF21D00E1A6" name="Usuario">
<createdBy>Ambiente</createdBy>
<createdTime>2023-03-16 22:27:25 UTC</createdTime>
<generatorID>91F879DC-E352-274F-A949-20962694735C</generatorID>
<ownerDesignName>ProyectoAdsoSena</ownerDesignName>
<allowColumnReorder>false</allowColumnReorder>
<existDependencyGenerateInDDl>true</existDependencyGenerateInDDl>
<parsed>true</parsed>
<columns itemClass="oracle.dbtools.crest.model.design.relational.Column">
<Column name="Id_Usuario" id="934D8BDD-EFE2-5FB2-7891-AFEA26F9AB77">
<createdBy>Ambiente</createdBy>
<createdTime>2023-03-16 22:27:25 UTC</createdTime>
<comment><![CDATA[Identificador unico del usuario]]></comment>
<commentInRDBMS><![CDATA[Identificador unico del usuario]]></commentInRDBMS>
<generatorID>A96D9BB6-2B1F-AE86-4843-546B89DF0F5C</generatorID>
<ownerDesignName>ProyectoAdsoSena</ownerDesignName>
<useDomainConstraints>false</useDomainConstraints>
<use>1</use>
<logicalDatatype>LOGDT037</logicalDatatype>
<dataTypeSize>65 CHAR</dataTypeSize>
<ownDataTypeParameters>65 CHAR,,</ownDataTypeParameters>
<autoIncrementCycle>false</autoIncrementCycle>
</Column>
<Column name="Nombre" id="E14D8834-7634-FCBC-DE6A-76EB5CE1E791">
<createdBy>Ambiente</createdBy>
<createdTime>2023-03-16 22:27:25 UTC</createdTime>
<comment><![CDATA[Nombre de la persona como  usuario ]]></comment>
<commentInRDBMS><![CDATA[Nombre de la persona como  usuario ]]></commentInRDBMS>
<generatorID>F8B2C2D0-0220-D415-9239-E12A2F674E96</generatorID>
<ownerDesignName>ProyectoAdsoSena</ownerDesignName>
<useDomainConstraints>false</useDomainConstraints>
<use>1</use>
<logicalDatatype>LOGDT037</logicalDatatype>
<dataTypeSize>65 CHAR</dataTypeSize>
<ownDataTypeParameters>65 CHAR,,</ownDataTypeParameters>
<autoIncrementCycle>false</autoIncrementCycle>
</Column>
<Column name="Apellido" id="3BDF72F0-6395-FC00-47CE-C9CA00F98863">
<createdBy>Ambiente</createdBy>
<createdTime>2023-03-16 22:27:25 UTC</createdTime>
<comment><![CDATA[Apellido de la persona como  usuario ]]></comment>
<commentInRDBMS><![CDATA[Apellido de la persona como  usuario ]]></commentInRDBMS>
<generatorID>61C8AAA7-8ED4-E173-6994-C8AD137F5344</generatorID>
<ownerDesignName>ProyectoAdsoSena</ownerDesignName>
<useDomainConstraints>false</useDomainConstraints>
<use>1</use>
<logicalDatatype>LOGDT037</logicalDatatype>
<dataTypeSize>65 CHAR</dataTypeSize>
<ownDataTypeParameters>65 CHAR,,</ownDataTypeParameters>
<autoIncrementCycle>false</autoIncrementCycle>
</Column>
<Column name="Correo" id="9F26D7CA-A468-F28E-9C03-751C937534BE">
<createdBy>Ambiente</createdBy>
<createdTime>2023-03-16 22:27:25 UTC</createdTime>
<comment><![CDATA[Correo electronico del  usuario ]]></comment>
<commentInRDBMS><![CDATA[Correo electronico del  usuario ]]></commentInRDBMS>
<generatorID>86D38E24-1D75-28E9-5664-954159A8CD27</generatorID>
<ownerDesignName>ProyectoAdsoSena</ownerDesignName>
<useDomainConstraints>false</useDomainConstraints>
<use>1</use>
<logicalDatatype>LOGDT037</logicalDatatype>
<dataTypeSize>65 CHAR</dataTypeSize>
<ownDataTypeParameters>65 CHAR,,</ownDataTypeParameters>
<autoIncrementCycle>false</autoIncrementCycle>
</Column>
<Column name="Cedula" id="5E318D62-6265-7435-FB3E-F73E08EAB6C5">
<createdBy>Ambiente</createdBy>
<createdTime>2023-03-16 22:27:25 UTC</createdTime>
<comment><![CDATA[Numero de cedula del usuario]]></comment>
<commentInRDBMS><![CDATA[Numero de cedula del usuario]]></commentInRDBMS>
<generatorID>823FF00E-B83D-6A2C-7114-CCB6E0A01EB1</generatorID>
<ownerDesignName>ProyectoAdsoSena</ownerDesignName>
<useDomainConstraints>false</useDomainConstraints>
<use>1</use>
<logicalDatatype>LOGDT037</logicalDatatype>
<dataTypeSize>65 CHAR</dataTypeSize>
<ownDataTypeParameters>65 CHAR,,</ownDataTypeParameters>
<autoIncrementCycle>false</autoIncrementCycle>
</Column>
<Column name="Contacto" id="5506A411-22CE-AD94-25D0-973C593574E0">
<createdBy>Ambiente</createdBy>
<createdTime>2023-03-16 22:27:25 UTC</createdTime>
<comment><![CDATA[Contacto telefonico del usuario]]></comment>
<commentInRDBMS><![CDATA[Contacto telefonico del usuario]]></commentInRDBMS>
<generatorID>649ECFC9-9E84-4660-3BA4-48E0FD5A261B</generatorID>
<ownerDesignName>ProyectoAdsoSena</ownerDesignName>
<useDomainConstraints>false</useDomainConstraints>
<use>1</use>
<logicalDatatype>LOGDT037</logicalDatatype>
<dataTypeSize>65 CHAR</dataTypeSize>
<ownDataTypeParameters>65 CHAR,,</ownDataTypeParameters>
<autoIncrementCycle>false</autoIncrementCycle>
</Column>
<Column name="Dirección" id="2C3F17C2-38EC-8FDD-CB31-135B249A4E1C">
<createdBy>Ambiente</createdBy>
<createdTime>2023-03-16 22:27:25 UTC</createdTime>
<comment><![CDATA[Direccion del usuario]]></comment>
<commentInRDBMS><![CDATA[Direccion del usuario]]></commentInRDBMS>
<generatorID>41037613-EBCC-21DC-63AB-C1F69BC67995</generatorID>
<ownerDesignName>ProyectoAdsoSena</ownerDesignName>
<useDomainConstraints>false</useDomainConstraints>
<use>1</use>
<logicalDatatype>LOGDT037</logicalDatatype>
<dataTypeSize>65 CHAR</dataTypeSize>
<ownDataTypeParameters>65 CHAR,,</ownDataTypeParameters>
<autoIncrementCycle>false</autoIncrementCycle>
</Column>
<Column name="Nombre_Usuario" id="C8696510-B958-1FBC-AB42-48D6836D7031">
<createdBy>Ambiente</createdBy>
<createdTime>2023-03-16 22:27:25 UTC</createdTime>
<comment><![CDATA[Nombre de usuario]]></comment>
<commentInRDBMS><![CDATA[Nombre de usuario]]></commentInRDBMS>
<generatorID>DCD93283-103D-AD16-4C4F-249EE8BE178B</generatorID>
<ownerDesignName>ProyectoAdsoSena</ownerDesignName>
<useDomainConstraints>false</useDomainConstraints>
<use>1</use>
<logicalDatatype>LOGDT037</logicalDatatype>
<dataTypeSize>65 CHAR</dataTypeSize>
<ownDataTypeParameters>65 CHAR,,</ownDataTypeParameters>
<autoIncrementCycle>false</autoIncrementCycle>
</Column>
<Column name="Contraseña" id="92B4FE47-2813-FB29-6EE9-5EDB3F2E0A33">
<createdBy>Ambiente</createdBy>
<createdTime>2023-03-16 22:27:25 UTC</createdTime>
<comment><![CDATA[Contraseña de la cuenta de usuario]]></comment>
<commentInRDBMS><![CDATA[Contraseña de la cuenta de usuario]]></commentInRDBMS>
<generatorID>18EDDEBF-2FDA-E159-0ADD-A6401F525C21</generatorID>
<ownerDesignName>ProyectoAdsoSena</ownerDesignName>
<useDomainConstraints>false</useDomainConstraints>
<use>1</use>
<logicalDatatype>LOGDT037</logicalDatatype>
<dataTypeSize>65 CHAR</dataTypeSize>
<ownDataTypeParameters>65 CHAR,,</ownDataTypeParameters>
<autoIncrementCycle>false</autoIncrementCycle>
</Column>
</columns>
<indexes itemClass="oracle.dbtools.crest.model.design.relational.Index">
<ind_PK_UK id="41CAB1E6-6722-3BD2-F677-AD8AA5E53FC6" name="Usuario_PK">
<createdBy>Ambiente</createdBy>
<createdTime>2023-03-16 22:27:25 UTC</createdTime>
<generatorID>A18E1EC3-1EC7-326A-839D-F7995EFB03FE</generatorID>
<ownerDesignName>ProyectoAdsoSena</ownerDesignName>
<pk>true</pk>
<indexState>Primary Constraint</indexState>
<isSurrogateKey>false</isSurrogateKey>
<indexColumnUsage>
<colUsage columnID="934D8BDD-EFE2-5FB2-7891-AFEA26F9AB77"/>
</indexColumnUsage>
</ind_PK_UK>
</indexes>
</Table>