<?xml version = '1.0' encoding = 'UTF-8'?>
<Table class="oracle.dbtools.crest.model.design.relational.Table" directorySegmentName="seg_0" id="6BDF9203-2E6B-F084-BAB1-E02C9D948879" name="Detalle_factura">
<createdBy>Ambiente</createdBy>
<createdTime>2023-04-11 18:36:20 UTC</createdTime>
<generatorID>C910CB5F-265E-88A1-5DD0-157ECABF4004</generatorID>
<ownerDesignName>ProyectoAdsoSena</ownerDesignName>
<allowColumnReorder>false</allowColumnReorder>
<existDependencyGenerateInDDl>true</existDependencyGenerateInDDl>
<parsed>true</parsed>
<columns itemClass="oracle.dbtools.crest.model.design.relational.Column">
<Column name="Id_factura" id="14B1E28D-B486-32CE-CA51-8EAC40A820D9">
<createdBy>Ambiente</createdBy>
<createdTime>2023-04-11 18:36:20 UTC</createdTime>
<comment><![CDATA[identificador unico de la factura]]></comment>
<commentInRDBMS><![CDATA[identificador unico de la factura]]></commentInRDBMS>
<generatorID>9AFF8E25-5EEE-40E9-BFD4-7EDE75E0D1CD</generatorID>
<ownerDesignName>ProyectoAdsoSena</ownerDesignName>
<useDomainConstraints>false</useDomainConstraints>
<use>1</use>
<logicalDatatype>LOGDT037</logicalDatatype>
<ownDataTypeParameters>,,</ownDataTypeParameters>
<autoIncrementCycle>false</autoIncrementCycle>
</Column>
<Column name="cantidad" id="18F5D19B-8429-1FF5-245C-AA0888D0B06C">
<createdBy>Ambiente</createdBy>
<createdTime>2023-04-11 18:36:20 UTC</createdTime>
<commentInRDBMS><![CDATA[cantidad de los productos]]></commentInRDBMS>
<generatorID>483B2614-F578-6B0D-FE8D-A5E0EC3D5FCB</generatorID>
<ownerDesignName>ProyectoAdsoSena</ownerDesignName>
<useDomainConstraints>false</useDomainConstraints>
<use>1</use>
<logicalDatatype>LOGDT011</logicalDatatype>
<ownDataTypeParameters>,,</ownDataTypeParameters>
<autoIncrementCycle>false</autoIncrementCycle>
</Column>
<Column name="precioUNT" id="FF72488D-FB3F-9F9B-3E45-2DB883B9D6AD">
<createdBy>Ambiente</createdBy>
<createdTime>2023-04-11 18:36:20 UTC</createdTime>
<commentInRDBMS><![CDATA[precio de los productos]]></commentInRDBMS>
<generatorID>9483FA68-FE14-E93E-19DA-DEF6C974B501</generatorID>
<ownerDesignName>ProyectoAdsoSena</ownerDesignName>
<useDomainConstraints>false</useDomainConstraints>
<use>1</use>
<logicalDatatype>LOGDT011</logicalDatatype>
<ownDataTypeParameters>,,</ownDataTypeParameters>
<autoIncrementCycle>false</autoIncrementCycle>
</Column>
<Column name="iva" id="565D4F7F-B3BE-466B-6D3B-0965799327A2">
<createdBy>Ambiente</createdBy>
<createdTime>2023-04-11 18:36:20 UTC</createdTime>
<commentInRDBMS><![CDATA[iva de los productos]]></commentInRDBMS>
<generatorID>4C1F389C-03C9-3570-D315-0E157CF1AE93</generatorID>
<ownerDesignName>ProyectoAdsoSena</ownerDesignName>
<useDomainConstraints>false</useDomainConstraints>
<use>1</use>
<logicalDatatype>LOGDT011</logicalDatatype>
<ownDataTypeParameters>,,</ownDataTypeParameters>
<autoIncrementCycle>false</autoIncrementCycle>
</Column>
<Column name="subtotal" id="AE32E8CA-5DED-B765-7B89-2A660A389826">
<createdBy>Ambiente</createdBy>
<createdTime>2023-04-11 18:36:20 UTC</createdTime>
<commentInRDBMS><![CDATA[subtotal de la compra]]></commentInRDBMS>
<generatorID>B58BD5EE-6C18-3647-D292-4CC3D0C97FD5</generatorID>
<ownerDesignName>ProyectoAdsoSena</ownerDesignName>
<useDomainConstraints>false</useDomainConstraints>
<use>1</use>
<logicalDatatype>LOGDT011</logicalDatatype>
<ownDataTypeParameters>,,</ownDataTypeParameters>
<autoIncrementCycle>false</autoIncrementCycle>
</Column>
<Column name="total" id="261A8063-951C-A60B-ECB0-87E985F2FB86">
<createdBy>Ambiente</createdBy>
<createdTime>2023-04-11 18:36:20 UTC</createdTime>
<commentInRDBMS><![CDATA[total de la compra
]]></commentInRDBMS>
<generatorID>1BD06D54-6C8E-6162-B6B1-CCE854CB4153</generatorID>
<ownerDesignName>ProyectoAdsoSena</ownerDesignName>
<useDomainConstraints>false</useDomainConstraints>
<use>1</use>
<logicalDatatype>LOGDT011</logicalDatatype>
<ownDataTypeParameters>,,</ownDataTypeParameters>
<autoIncrementCycle>false</autoIncrementCycle>
</Column>
<Column name="Factura_ID_Factura" id="BE57DEAE-198F-6636-DB3E-6605075C2002">
<createdBy>Ambiente</createdBy>
<createdTime>2023-04-11 18:36:20 UTC</createdTime>
<comment><![CDATA[Identificador unico de la factura]]></comment>
<generatorID>3688F034-A583-E4E3-0261-67C8F1C192A2</generatorID>
<ownerDesignName>ProyectoAdsoSena</ownerDesignName>
<useDomainConstraints>false</useDomainConstraints>
<use>1</use>
<logicalDatatype>LOGDT037</logicalDatatype>
<dataTypeSize>30 CHAR</dataTypeSize>
<ownDataTypeParameters>30 CHAR,,</ownDataTypeParameters>
<previousColumn>false</previousColumn>
<autoIncrementCycle>false</autoIncrementCycle>
<associations>
<colAssociation fkAssociation="A0E52C1E-5D2E-38D1-56A3-24B1D0354183" referredColumn="2FFA6AB4-2701-7C89-3D2D-04E5B9C3797C"/>
</associations>
</Column>
<Column name="Factura_Metodo_Pago_IDMetodoPago" id="814EB32E-F2D7-511D-976D-79B2870D7D12">
<createdBy>Ambiente</createdBy>
<createdTime>2023-04-11 18:36:20 UTC</createdTime>
<generatorID>C8A6C696-AA35-D267-8F2F-10A379093444</generatorID>
<ownerDesignName>ProyectoAdsoSena</ownerDesignName>
<useDomainConstraints>false</useDomainConstraints>
<use>1</use>
<logicalDatatype>LOGDT011</logicalDatatype>
<ownDataTypeParameters>,,</ownDataTypeParameters>
<previousColumn>false</previousColumn>
<autoIncrementCycle>false</autoIncrementCycle>
<associations>
<colAssociation fkAssociation="A0E52C1E-5D2E-38D1-56A3-24B1D0354183" referredColumn="04CD3D7A-BF7E-E0F6-6C92-7B5C0A5D2576"/>
</associations>
</Column>
<Column name="ValorPago" id="6574501D-6A00-9967-BF97-553308234C28">
<createdBy>Ambiente</createdBy>
<createdTime>2023-04-11 18:36:20 UTC</createdTime>
<generatorID>FAA77A36-264A-F201-0CEA-5765C4D40EB9</generatorID>
<ownerDesignName>ProyectoAdsoSena</ownerDesignName>
<useDomainConstraints>false</useDomainConstraints>
<use>1</use>
<logicalDatatype>LOGDT043</logicalDatatype>
<ownDataTypeParameters>,,</ownDataTypeParameters>
<previousColumn>false</previousColumn>
<autoIncrementCycle>false</autoIncrementCycle>
</Column>
<Column name="IDEntBan" id="0C0B689C-5707-EE87-849D-9947A676316E">
<createdBy>Ambiente</createdBy>
<createdTime>2023-04-11 18:36:20 UTC</createdTime>
<generatorID>A86B42EB-AEF7-A864-CB58-D3CED92AD965</generatorID>
<ownerDesignName>ProyectoAdsoSena</ownerDesignName>
<useDomainConstraints>false</useDomainConstraints>
<use>1</use>
<logicalDatatype>LOGDT037</logicalDatatype>
<dataTypeSize>30 CHAR</dataTypeSize>
<ownDataTypeParameters>30 CHAR,,</ownDataTypeParameters>
<previousColumn>false</previousColumn>
<autoIncrementCycle>false</autoIncrementCycle>
</Column>
<Column name="NumeroDocumento" id="BC940B2B-CBF3-0CEF-1529-A27DD77FDCE5">
<createdBy>Ambiente</createdBy>
<createdTime>2023-04-11 18:36:20 UTC</createdTime>
<comment><![CDATA[Numero de cedula del cliente]]></comment>
<generatorID>6900886A-C9FD-6C28-36FF-30B0C318DEBE</generatorID>
<ownerDesignName>ProyectoAdsoSena</ownerDesignName>
<useDomainConstraints>false</useDomainConstraints>
<use>1</use>
<logicalDatatype>LOGDT037</logicalDatatype>
<dataTypeSize>65 CHAR</dataTypeSize>
<ownDataTypeParameters>65 CHAR,,</ownDataTypeParameters>
<previousColumn>false</previousColumn>
<autoIncrementCycle>false</autoIncrementCycle>
</Column>
<Column name="Productos_ID_Producto1" id="004B9BB2-5542-993B-353C-AC7BDF3CF671">
<createdBy>Ambiente</createdBy>
<createdTime>2023-04-11 18:36:20 UTC</createdTime>
<comment><![CDATA[Identificador unico del producto]]></comment>
<generatorID>39F0F5D8-4F5C-C551-31D7-147AC1A0F7E8</generatorID>
<ownerDesignName>ProyectoAdsoSena</ownerDesignName>
<useDomainConstraints>false</useDomainConstraints>
<use>1</use>
<logicalDatatype>LOGDT037</logicalDatatype>
<dataTypeSize>65 CHAR</dataTypeSize>
<ownDataTypeParameters>65 CHAR,,</ownDataTypeParameters>
<previousColumn>false</previousColumn>
<autoIncrementCycle>false</autoIncrementCycle>
<associations>
<colAssociation fkAssociation="9782F650-2B50-A9D1-A620-03E1B1FE20DD" referredColumn="110FC97A-E40D-32E9-3185-B6FD67DDB383"/>
</associations>
</Column>
<Column name="Factura_Metodo_Pago_Efectivo_Valor_Pago" id="524C5420-0418-CBD7-9424-DC73EF8F7892">
<createdBy>Ambiente</createdBy>
<createdTime>2023-04-11 18:36:47 UTC</createdTime>
<ownerDesignName>ProyectoAdsoSena</ownerDesignName>
<useDomainConstraints>false</useDomainConstraints>
<use>1</use>
<logicalDatatype>LOGDT043</logicalDatatype>
<ownDataTypeParameters>,,</ownDataTypeParameters>
<previousColumn>false</previousColumn>
<autoIncrementCycle>false</autoIncrementCycle>
<associations>
<colAssociation fkAssociation="A0E52C1E-5D2E-38D1-56A3-24B1D0354183" referredColumn="62DDB569-D1EB-EFFF-BEF6-13E50AAB8250"/>
</associations>
</Column>
<Column name="Factura_Metodo_Pago_EntidadBancaria_ID_EntidadBancaria" id="DFB4950C-6C0E-ADC1-993B-28C733387E54">
<createdBy>Ambiente</createdBy>
<createdTime>2023-04-11 18:36:47 UTC</createdTime>
<ownerDesignName>ProyectoAdsoSena</ownerDesignName>
<useDomainConstraints>false</useDomainConstraints>
<use>1</use>
<logicalDatatype>A3A3C77D-0366-9768-FF89-1C25E56881C8</logicalDatatype>
<dataTypeSize>30</dataTypeSize>
<ownDataTypeParameters>30,,</ownDataTypeParameters>
<previousColumn>false</previousColumn>
<autoIncrementCycle>false</autoIncrementCycle>
<associations>
<colAssociation fkAssociation="A0E52C1E-5D2E-38D1-56A3-24B1D0354183" referredColumn="D258986F-C929-7CE3-774B-DEF1A9A382AD"/>
</associations>
</Column>
<Column name="IDProducto" id="E90C40B6-A1DA-65F1-FEC0-08BC13560668">
<createdBy>Ambiente</createdBy>
<createdTime>2023-04-11 22:29:19 UTC</createdTime>
<comment><![CDATA[Identificador unico del producto]]></comment>
<commentInRDBMS><![CDATA[Identificador unico del producto]]></commentInRDBMS>
<generatorID>44F11294-6288-9E2E-3A72-FA619ABCF89E</generatorID>
<ownerDesignName>ProyectoAdsoSena</ownerDesignName>
<useDomainConstraints>false</useDomainConstraints>
<use>1</use>
<logicalDatatype>LOGDT037</logicalDatatype>
<dataTypeSize>65 CHAR</dataTypeSize>
<ownDataTypeParameters>65 CHAR,,</ownDataTypeParameters>
<autoIncrementCycle>false</autoIncrementCycle>
</Column>
<Column name="Producto" id="1BC75703-555F-5DF1-4202-323F741A4735">
<createdBy>Ambiente</createdBy>
<createdTime>2023-04-11 22:29:19 UTC</createdTime>
<comment><![CDATA[Nombre del producto]]></comment>
<commentInRDBMS><![CDATA[Nombre del producto]]></commentInRDBMS>
<generatorID>1F6C944A-9FCC-CB63-7B92-0A999B88ADAF</generatorID>
<ownerDesignName>ProyectoAdsoSena</ownerDesignName>
<useDomainConstraints>false</useDomainConstraints>
<use>1</use>
<logicalDatatype>LOGDT037</logicalDatatype>
<dataTypeSize>65 CHAR</dataTypeSize>
<ownDataTypeParameters>65 CHAR,,</ownDataTypeParameters>
<autoIncrementCycle>false</autoIncrementCycle>
</Column>
</columns>
<indexes itemClass="oracle.dbtools.crest.model.design.relational.Index">
<ind_PK_UK id="4EF20859-4918-EABB-9CEF-4D540DD362CC" name="Detalle_factura_PK">
<createdBy>Ambiente</createdBy>
<createdTime>2023-04-11 18:36:20 UTC</createdTime>
<generatorID>2F600F44-008F-D1CE-5E9B-7472493E47FF</generatorID>
<ownerDesignName>ProyectoAdsoSena</ownerDesignName>
<pk>true</pk>
<indexState>Primary Constraint</indexState>
<isSurrogateKey>false</isSurrogateKey>
<indexColumnUsage>
<colUsage columnID="14B1E28D-B486-32CE-CA51-8EAC40A820D9"/>
<colUsage columnID="BE57DEAE-198F-6636-DB3E-6605075C2002"/>
<colUsage columnID="814EB32E-F2D7-511D-976D-79B2870D7D12"/>
<colUsage columnID="6574501D-6A00-9967-BF97-553308234C28"/>
<colUsage columnID="0C0B689C-5707-EE87-849D-9947A676316E"/>
<colUsage columnID="BC940B2B-CBF3-0CEF-1529-A27DD77FDCE5"/>
<colUsage columnID="004B9BB2-5542-993B-353C-AC7BDF3CF671"/>
</indexColumnUsage>
</ind_PK_UK>
<ind_PK_UK id="B0546593-8D07-00FD-5C6E-B91553AF87CF" name="Detalle_factura_Factura_FK">
<createdBy>Ambiente</createdBy>
<createdTime>2023-04-11 18:36:20 UTC</createdTime>
<generatorID>9D3CAE58-D7ED-AFB6-D6CA-21D6BB24A6E9</generatorID>
<ownerDesignName>ProyectoAdsoSena</ownerDesignName>
<indexState>Foreign Key</indexState>
<isSurrogateKey>false</isSurrogateKey>
<indexColumnUsage>
<colUsage columnID="BE57DEAE-198F-6636-DB3E-6605075C2002"/>
<colUsage columnID="814EB32E-F2D7-511D-976D-79B2870D7D12"/>
<colUsage columnID="524C5420-0418-CBD7-9424-DC73EF8F7892"/>
<colUsage columnID="DFB4950C-6C0E-ADC1-993B-28C733387E54"/>
</indexColumnUsage>
</ind_PK_UK>
<ind_PK_UK id="800C5E27-4BCE-82E9-E311-9981837FF6FB" name="Detalle_factura_Productos_FK">
<createdBy>Ambiente</createdBy>
<createdTime>2023-04-11 18:36:20 UTC</createdTime>
<generatorID>BC31B164-03D6-2BFD-AE1D-36CC531EB606</generatorID>
<ownerDesignName>ProyectoAdsoSena</ownerDesignName>
<indexState>Foreign Key</indexState>
<isSurrogateKey>false</isSurrogateKey>
<indexColumnUsage>
<colUsage columnID="004B9BB2-5542-993B-353C-AC7BDF3CF671"/>
</indexColumnUsage>
</ind_PK_UK>
</indexes>
</Table>