<?xml version = '1.0' encoding = 'UTF-8'?>
<Table class="oracle.dbtools.crest.model.design.relational.Table" directorySegmentName="seg_0" id="70E9B74C-0F4D-5B17-3E9D-B4D07D9599A3" name="Factura">
<createdBy>Ambiente</createdBy>
<createdTime>2023-03-16 22:27:25 UTC</createdTime>
<generatorID>B2EB7C1C-A9A4-2BF1-A1C1-B71F8543A098</generatorID>
<ownerDesignName>ProyectoAdsoSena</ownerDesignName>
<allowColumnReorder>false</allowColumnReorder>
<existDependencyGenerateInDDl>true</existDependencyGenerateInDDl>
<parsed>true</parsed>
<columns itemClass="oracle.dbtools.crest.model.design.relational.Column">
<Column name="ID_Factura" id="2FFA6AB4-2701-7C89-3D2D-04E5B9C3797C">
<createdBy>Ambiente</createdBy>
<createdTime>2023-03-16 22:27:25 UTC</createdTime>
<comment><![CDATA[Identificador unico de la factura]]></comment>
<commentInRDBMS><![CDATA[Identificador unico de la factura]]></commentInRDBMS>
<generatorID>54E217EE-9C46-9215-77B4-9B3651B228DE</generatorID>
<ownerDesignName>ProyectoAdsoSena</ownerDesignName>
<useDomainConstraints>false</useDomainConstraints>
<use>1</use>
<logicalDatatype>LOGDT037</logicalDatatype>
<dataTypeSize>30 CHAR</dataTypeSize>
<ownDataTypeParameters>30 CHAR,,</ownDataTypeParameters>
<autoIncrementCycle>false</autoIncrementCycle>
</Column>
<Column name="Fecha12" id="43BF7C8C-E0C0-C96A-8C3B-19188327D79B">
<createdBy>Ambiente</createdBy>
<createdTime>2023-03-16 22:27:25 UTC</createdTime>
<comment><![CDATA[Fecha en la que se realizo la factura]]></comment>
<commentInRDBMS><![CDATA[Fecha en la que se realizo la factura]]></commentInRDBMS>
<generatorID>8DF00448-7C00-63D4-1067-7631022861ED</generatorID>
<ownerDesignName>ProyectoAdsoSena</ownerDesignName>
<useDomainConstraints>false</useDomainConstraints>
<use>1</use>
<logicalDatatype>LOGDT008</logicalDatatype>
<ownDataTypeParameters>,,</ownDataTypeParameters>
<autoIncrementCycle>false</autoIncrementCycle>
</Column>
<Column name="fecha1" id="6D085BEA-12BB-4EF3-8C06-663ECE03F76C">
<createdBy>Ambiente</createdBy>
<createdTime>2023-03-16 22:27:25 UTC</createdTime>
<comment><![CDATA[Iva del  valor de la factura]]></comment>
<commentInRDBMS><![CDATA[Fecha de la factura 
]]></commentInRDBMS>
<generatorID>52A863BC-5D51-433A-30F7-84647E27EB47</generatorID>
<ownerDesignName>ProyectoAdsoSena</ownerDesignName>
<useDomainConstraints>false</useDomainConstraints>
<use>1</use>
<logicalDatatype>LOGDT037</logicalDatatype>
<dataTypeSize>30 CHAR</dataTypeSize>
<ownDataTypeParameters>30 CHAR,,</ownDataTypeParameters>
<autoIncrementCycle>false</autoIncrementCycle>
</Column>
<Column name="SubTotal" id="79C6DC71-33CB-D034-63C7-0EF21BCEAA91">
<createdBy>Ambiente</createdBy>
<createdTime>2023-03-16 22:27:25 UTC</createdTime>
<comment><![CDATA[Subtotal de la factura ]]></comment>
<commentInRDBMS><![CDATA[Subtotal de la factura]]></commentInRDBMS>
<generatorID>3782F5CC-186E-EE42-72E8-BB627E7C5FC8</generatorID>
<ownerDesignName>ProyectoAdsoSena</ownerDesignName>
<useDomainConstraints>false</useDomainConstraints>
<use>1</use>
<logicalDatatype>LOGDT043</logicalDatatype>
<ownDataTypeParameters>,,</ownDataTypeParameters>
<autoIncrementCycle>false</autoIncrementCycle>
</Column>
<Column name="Total" id="FFA13D8A-D3E1-8561-10DC-AA3C836C0E8B">
<createdBy>Ambiente</createdBy>
<createdTime>2023-03-16 22:27:25 UTC</createdTime>
<comment><![CDATA[Total a pagar ]]></comment>
<commentInRDBMS><![CDATA[Total a pagar ]]></commentInRDBMS>
<generatorID>450B574B-0EAC-32F8-258A-861274520B9D</generatorID>
<ownerDesignName>ProyectoAdsoSena</ownerDesignName>
<useDomainConstraints>false</useDomainConstraints>
<use>1</use>
<logicalDatatype>LOGDT043</logicalDatatype>
<ownDataTypeParameters>,,</ownDataTypeParameters>
<autoIncrementCycle>false</autoIncrementCycle>
</Column>
<Column name="PedidoCliente_ID_Pedido" id="463FA472-A115-6BD1-D569-16506EE45CE4">
<createdBy>Ambiente</createdBy>
<createdTime>2023-03-16 22:27:25 UTC</createdTime>
<generatorID>D18740F0-8F18-E869-3EF0-ED3F430D645D</generatorID>
<ownerDesignName>ProyectoAdsoSena</ownerDesignName>
<useDomainConstraints>false</useDomainConstraints>
<use>1</use>
<logicalDatatype>LOGDT011</logicalDatatype>
<dataTypeSize>30 CHAR</dataTypeSize>
<ownDataTypeParameters>30 CHAR,,</ownDataTypeParameters>
<previousColumn>false</previousColumn>
<autoIncrementCycle>false</autoIncrementCycle>
</Column>
<Column name="Metodo_Pago_IDMetodoPago" id="04CD3D7A-BF7E-E0F6-6C92-7B5C0A5D2576">
<createdBy>Ambiente</createdBy>
<createdTime>2023-03-16 22:27:25 UTC</createdTime>
<generatorID>427E6C55-681A-18E2-41D0-09651E57545C</generatorID>
<ownerDesignName>ProyectoAdsoSena</ownerDesignName>
<useDomainConstraints>false</useDomainConstraints>
<use>1</use>
<logicalDatatype>LOGDT011</logicalDatatype>
<ownDataTypeParameters>,,</ownDataTypeParameters>
<previousColumn>false</previousColumn>
<autoIncrementCycle>false</autoIncrementCycle>
<associations>
<colAssociation fkAssociation="081F327F-45B5-D161-9B09-51C9B63C57D1" referredColumn="146D4940-3B08-CC0A-9AA4-551522733B3B"/>
</associations>
</Column>
<Column name="Metodo_Pago_Efectivo_Valor_Pago" id="62DDB569-D1EB-EFFF-BEF6-13E50AAB8250">
<createdBy>Ambiente</createdBy>
<createdTime>2023-03-16 22:27:25 UTC</createdTime>
<generatorID>FED8F5CA-4B12-034B-9EE8-E89B8C4DD2C8</generatorID>
<ownerDesignName>ProyectoAdsoSena</ownerDesignName>
<useDomainConstraints>false</useDomainConstraints>
<use>1</use>
<logicalDatatype>LOGDT043</logicalDatatype>
<ownDataTypeParameters>,,</ownDataTypeParameters>
<previousColumn>false</previousColumn>
<autoIncrementCycle>false</autoIncrementCycle>
<associations>
<colAssociation fkAssociation="081F327F-45B5-D161-9B09-51C9B63C57D1" referredColumn="81A7A0DE-37D7-FCD1-F219-30D28342ED29"/>
</associations>
</Column>
<Column name="Metodo_Pago_EntidadBancaria_ID_EntidadBancaria" id="D258986F-C929-7CE3-774B-DEF1A9A382AD">
<createdBy>Ambiente</createdBy>
<createdTime>2023-03-16 22:27:25 UTC</createdTime>
<generatorID>25166F56-55FD-97AB-0FFD-53677285213B</generatorID>
<ownerDesignName>ProyectoAdsoSena</ownerDesignName>
<useDomainConstraints>false</useDomainConstraints>
<use>1</use>
<logicalDatatype>A3A3C77D-0366-9768-FF89-1C25E56881C8</logicalDatatype>
<dataTypeSize>30</dataTypeSize>
<ownDataTypeParameters>30,,</ownDataTypeParameters>
<previousColumn>false</previousColumn>
<autoIncrementCycle>false</autoIncrementCycle>
<associations>
<colAssociation fkAssociation="081F327F-45B5-D161-9B09-51C9B63C57D1" referredColumn="AAB2622A-CDC5-6120-8C04-9082C662B23E"/>
</associations>
</Column>
<Column name="IDEntBan" id="A1AA74F4-6D86-4718-2CC5-8186B5ED6ED8">
<createdBy>Ambiente</createdBy>
<createdTime>2023-03-16 22:50:54 UTC</createdTime>
<generatorID>322F6534-C343-F0CF-4A22-897067F27FD0</generatorID>
<ownerDesignName>ProyectoAdsoSena</ownerDesignName>
<useDomainConstraints>false</useDomainConstraints>
<use>1</use>
<logicalDatatype>LOGDT037</logicalDatatype>
<ownDataTypeParameters>,,</ownDataTypeParameters>
<previousColumn>false</previousColumn>
<autoIncrementCycle>false</autoIncrementCycle>
</Column>
<Column name="ValorPago" id="FB86E95E-9B2F-1684-114B-7BA9D6BF4FAA">
<createdBy>Ambiente</createdBy>
<createdTime>2023-03-16 22:50:54 UTC</createdTime>
<generatorID>B42A4EC7-8736-51A8-F1C7-DE732E523E96</generatorID>
<ownerDesignName>ProyectoAdsoSena</ownerDesignName>
<useDomainConstraints>false</useDomainConstraints>
<use>1</use>
<logicalDatatype>LOGDT043</logicalDatatype>
<ownDataTypeParameters>,,</ownDataTypeParameters>
<previousColumn>false</previousColumn>
<autoIncrementCycle>false</autoIncrementCycle>
</Column>
<Column name="ID_Pedido" id="8CC970BA-BEC1-8A7F-93C4-18CA49C5B46B">
<createdBy>Ambiente</createdBy>
<createdTime>2023-03-30 22:06:17 UTC</createdTime>
<comment><![CDATA[Identificador unico del pedido del cliente]]></comment>
<generatorID>A6512CEF-41CE-E21C-6B8F-75A283F348B0</generatorID>
<ownerDesignName>ProyectoAdsoSena</ownerDesignName>
<useDomainConstraints>false</useDomainConstraints>
<use>1</use>
<logicalDatatype>LOGDT011</logicalDatatype>
<ownDataTypeParameters>,,</ownDataTypeParameters>
<previousColumn>false</previousColumn>
<autoIncrementCycle>false</autoIncrementCycle>
</Column>
<Column name="IDEntBan2" id="17B63BA7-0CC1-3419-6017-EA758681381C">
<createdBy>Ambiente</createdBy>
<createdTime>2023-03-30 22:06:17 UTC</createdTime>
<generatorID>31705CAF-C0E9-CC49-059E-7190C057257A</generatorID>
<ownerDesignName>ProyectoAdsoSena</ownerDesignName>
<useDomainConstraints>false</useDomainConstraints>
<use>1</use>
<logicalDatatype>LOGDT037</logicalDatatype>
<dataTypeSize>30 CHAR</dataTypeSize>
<ownDataTypeParameters>30 CHAR,,</ownDataTypeParameters>
<previousColumn>false</previousColumn>
<autoIncrementCycle>false</autoIncrementCycle>
</Column>
<Column name="Cliente_NumeroDocumento" id="F58261EC-24DB-8B27-C18C-45E0FA824042">
<createdBy>Ambiente</createdBy>
<createdTime>2023-04-11 18:36:20 UTC</createdTime>
<comment><![CDATA[Numero de cedula del cliente]]></comment>
<generatorID>ECCF8AA9-9785-B043-45B1-A8E0015CF83E</generatorID>
<ownerDesignName>ProyectoAdsoSena</ownerDesignName>
<useDomainConstraints>false</useDomainConstraints>
<use>1</use>
<logicalDatatype>LOGDT037</logicalDatatype>
<dataTypeSize>65 CHAR</dataTypeSize>
<ownDataTypeParameters>65 CHAR,,</ownDataTypeParameters>
<previousColumn>false</previousColumn>
<autoIncrementCycle>false</autoIncrementCycle>
<associations>
<colAssociation fkAssociation="82F61D55-C0B0-72A0-CC98-04884C8C082A" referredColumn="E90610FA-3A03-A5BD-B639-6EBF7A3AD2CA"/>
</associations>
</Column>
</columns>
<indexes itemClass="oracle.dbtools.crest.model.design.relational.Index">
<ind_PK_UK id="ADA7C800-25C9-C0B1-E850-0DAA68F6C0AE" name="Factura_PK">
<createdBy>Ambiente</createdBy>
<createdTime>2023-03-16 22:27:25 UTC</createdTime>
<generatorID>74B06EA4-F813-15D8-963E-4CC9EFF401D1</generatorID>
<ownerDesignName>ProyectoAdsoSena</ownerDesignName>
<pk>true</pk>
<indexState>Primary Constraint</indexState>
<isSurrogateKey>false</isSurrogateKey>
<indexColumnUsage>
<colUsage columnID="2FFA6AB4-2701-7C89-3D2D-04E5B9C3797C"/>
<colUsage columnID="04CD3D7A-BF7E-E0F6-6C92-7B5C0A5D2576"/>
<colUsage columnID="62DDB569-D1EB-EFFF-BEF6-13E50AAB8250"/>
<colUsage columnID="D258986F-C929-7CE3-774B-DEF1A9A382AD"/>
</indexColumnUsage>
</ind_PK_UK>
<ind_PK_UK id="8DFDD256-6423-A109-F670-AAC0406EBD0E" name="Factura__IDX">
<createdBy>Ambiente</createdBy>
<createdTime>2023-03-30 22:06:17 UTC</createdTime>
<ownerDesignName>ProyectoAdsoSena</ownerDesignName>
<indexState>Unique Plain Index</indexState>
<isSurrogateKey>false</isSurrogateKey>
<relationGeneratorID>7ECC361E-18AB-7580-6775-99479D41CEBB</relationGeneratorID>
<indexColumnUsage>
<colUsage columnID="04CD3D7A-BF7E-E0F6-6C92-7B5C0A5D2576"/>
<colUsage columnID="62DDB569-D1EB-EFFF-BEF6-13E50AAB8250"/>
<colUsage columnID="D258986F-C929-7CE3-774B-DEF1A9A382AD"/>
</indexColumnUsage>
</ind_PK_UK>
<ind_PK_UK id="98D1ED52-D4D8-BF9A-306D-3231B06F6796" name="Factura_Metodo_Pago_FK">
<createdBy>Ambiente</createdBy>
<createdTime>2023-03-16 22:27:25 UTC</createdTime>
<generatorID>7ECC361E-18AB-7580-6775-99479D41CEBB</generatorID>
<ownerDesignName>ProyectoAdsoSena</ownerDesignName>
<indexState>Foreign Key</indexState>
<isSurrogateKey>false</isSurrogateKey>
<indexColumnUsage>
<colUsage columnID="04CD3D7A-BF7E-E0F6-6C92-7B5C0A5D2576"/>
<colUsage columnID="62DDB569-D1EB-EFFF-BEF6-13E50AAB8250"/>
<colUsage columnID="D258986F-C929-7CE3-774B-DEF1A9A382AD"/>
</indexColumnUsage>
</ind_PK_UK>
<ind_PK_UK id="7EC04F59-3C22-2374-4A64-A1DEA135CD7F" name="Factura_Cliente_FK">
<createdBy>Ambiente</createdBy>
<createdTime>2023-04-11 18:36:20 UTC</createdTime>
<generatorID>7D31C071-9A57-E836-EFA0-FEAE4D78802E</generatorID>
<ownerDesignName>ProyectoAdsoSena</ownerDesignName>
<indexState>Foreign Key</indexState>
<isSurrogateKey>false</isSurrogateKey>
<indexColumnUsage>
<colUsage columnID="F58261EC-24DB-8B27-C18C-45E0FA824042"/>
</indexColumnUsage>
</ind_PK_UK>
</indexes>
</Table>