<?xml version = '1.0' encoding = 'UTF-8'?>
<Table class="oracle.dbtools.crest.model.design.relational.Table" directorySegmentName="seg_0" id="93DB9EB9-8364-915D-66D4-F32C1660712D" name="Factura_proveedor">
<createdBy>Ambiente</createdBy>
<createdTime>2023-04-11 18:36:20 UTC</createdTime>
<generatorID>BBD71863-7EC1-A0F9-25B7-F29FC5507D08</generatorID>
<ownerDesignName>ProyectoAdsoSena</ownerDesignName>
<allowColumnReorder>false</allowColumnReorder>
<existDependencyGenerateInDDl>true</existDependencyGenerateInDDl>
<parsed>true</parsed>
<columns itemClass="oracle.dbtools.crest.model.design.relational.Column">
<Column name="ID_Factura" id="58CE5435-13E7-15B2-679F-D03313AF033B">
<createdBy>Ambiente</createdBy>
<createdTime>2023-04-11 18:36:20 UTC</createdTime>
<comment><![CDATA[Identificador unico de la factura]]></comment>
<commentInRDBMS><![CDATA[Identificador unico de la factura]]></commentInRDBMS>
<generatorID>6AF6D310-BC14-7F7D-F71C-3EF48872B634</generatorID>
<ownerDesignName>ProyectoAdsoSena</ownerDesignName>
<useDomainConstraints>false</useDomainConstraints>
<use>1</use>
<logicalDatatype>LOGDT037</logicalDatatype>
<dataTypeSize>30 CHAR</dataTypeSize>
<ownDataTypeParameters>30 CHAR,,</ownDataTypeParameters>
<autoIncrementCycle>false</autoIncrementCycle>
</Column>
<Column name="fecha" id="CC3C80C3-5170-5D7D-3237-C037A749E106">
<createdBy>Ambiente</createdBy>
<createdTime>2023-04-11 18:36:20 UTC</createdTime>
<comment><![CDATA[Iva del  valor de la factura]]></comment>
<commentInRDBMS><![CDATA[Fecha de la factura 
]]></commentInRDBMS>
<generatorID>FD5DC871-F6AF-7C99-71CD-9BEAE034D50A</generatorID>
<ownerDesignName>ProyectoAdsoSena</ownerDesignName>
<useDomainConstraints>false</useDomainConstraints>
<use>1</use>
<logicalDatatype>LOGDT037</logicalDatatype>
<dataTypeSize>30 CHAR</dataTypeSize>
<ownDataTypeParameters>30 CHAR,,</ownDataTypeParameters>
<autoIncrementCycle>false</autoIncrementCycle>
</Column>
<Column name="Proveedor_ID_Proveedor" id="94128969-1C6A-F808-57E4-F77FC0524732">
<createdBy>Ambiente</createdBy>
<createdTime>2023-04-11 18:36:20 UTC</createdTime>
<comment><![CDATA[Identificador unico del proveedor]]></comment>
<generatorID>89F8DE77-651C-037D-4FD7-1DFA6D708896</generatorID>
<ownerDesignName>ProyectoAdsoSena</ownerDesignName>
<useDomainConstraints>false</useDomainConstraints>
<use>1</use>
<logicalDatatype>LOGDT037</logicalDatatype>
<dataTypeSize>65 CHAR</dataTypeSize>
<ownDataTypeParameters>65 CHAR,,</ownDataTypeParameters>
<previousColumn>false</previousColumn>
<autoIncrementCycle>false</autoIncrementCycle>
<associations>
<colAssociation fkAssociation="A98F19BC-B8B2-BFA3-D497-C0E332FBC3EB" referredColumn="E678CB4F-C1AD-D892-336C-3C3A039C4C28"/>
</associations>
</Column>
</columns>
<indexes itemClass="oracle.dbtools.crest.model.design.relational.Index">
<ind_PK_UK id="714E0B6B-4CA9-92B8-3905-95D71610EEDA" name="Facturav2_PK">
<createdBy>Ambiente</createdBy>
<createdTime>2023-04-11 18:36:20 UTC</createdTime>
<generatorID>28EFE85C-B771-ABC3-7563-FE2179F67B6E</generatorID>
<ownerDesignName>ProyectoAdsoSena</ownerDesignName>
<pk>true</pk>
<indexState>Primary Constraint</indexState>
<isSurrogateKey>false</isSurrogateKey>
<indexColumnUsage>
<colUsage columnID="58CE5435-13E7-15B2-679F-D03313AF033B"/>
<colUsage columnID="94128969-1C6A-F808-57E4-F77FC0524732"/>
</indexColumnUsage>
</ind_PK_UK>
<ind_PK_UK id="7ED55A3E-E1B5-5D14-417A-F91F09C6AEBF" name="Factura_proveedor_Proveedor_FK">
<createdBy>Ambiente</createdBy>
<createdTime>2023-04-11 18:36:20 UTC</createdTime>
<generatorID>2D4E2708-ED40-36E3-AF28-47765C35DF32</generatorID>
<ownerDesignName>ProyectoAdsoSena</ownerDesignName>
<indexState>Foreign Key</indexState>
<isSurrogateKey>false</isSurrogateKey>
<indexColumnUsage>
<colUsage columnID="94128969-1C6A-F808-57E4-F77FC0524732"/>
</indexColumnUsage>
</ind_PK_UK>
</indexes>
</Table>