<?xml version = '1.0' encoding = 'UTF-8'?>
<Table class="oracle.dbtools.crest.model.design.relational.Table" directorySegmentName="seg_0" id="B049AB9D-AC0C-35B4-CE66-FFC95405EA50" name="Precios">
<createdBy>Ambiente</createdBy>
<createdTime>2023-03-16 22:27:25 UTC</createdTime>
<generatorID>961434A6-FE2B-21E8-14D0-66944DF335FC</generatorID>
<ownerDesignName>ProyectoAdsoSena</ownerDesignName>
<allowColumnReorder>false</allowColumnReorder>
<existDependencyGenerateInDDl>true</existDependencyGenerateInDDl>
<parsed>true</parsed>
<columns itemClass="oracle.dbtools.crest.model.design.relational.Column">
<Column name="ID_Producto" id="EFF481B0-77B3-640F-9879-52BDC925690C">
<createdBy>Ambiente</createdBy>
<createdTime>2023-03-16 22:27:25 UTC</createdTime>
<comment><![CDATA[Identificador unico del producto]]></comment>
<commentInRDBMS><![CDATA[Identificador unico del producto]]></commentInRDBMS>
<generatorID>7467EB1C-18C6-C92A-F3EF-B8CD2D347DDF</generatorID>
<ownerDesignName>ProyectoAdsoSena</ownerDesignName>
<useDomainConstraints>false</useDomainConstraints>
<use>1</use>
<logicalDatatype>LOGDT037</logicalDatatype>
<dataTypeSize>65 CHAR</dataTypeSize>
<ownDataTypeParameters>65 CHAR,,</ownDataTypeParameters>
<autoIncrementCycle>false</autoIncrementCycle>
</Column>
<Column name="Precio_Compra" id="5D5F470A-6C12-9CA5-E6BB-389579E96B5E">
<createdBy>Ambiente</createdBy>
<createdTime>2023-03-16 22:27:25 UTC</createdTime>
<comment><![CDATA[Precio en que se compro un producto]]></comment>
<commentInRDBMS><![CDATA[Precio en que se compro un producto]]></commentInRDBMS>
<generatorID>3C9422BC-3C5D-28CA-9C28-5D85961C1E42</generatorID>
<ownerDesignName>ProyectoAdsoSena</ownerDesignName>
<useDomainConstraints>false</useDomainConstraints>
<use>1</use>
<logicalDatatype>LOGDT043</logicalDatatype>
<ownDataTypeParameters>,,</ownDataTypeParameters>
<autoIncrementCycle>false</autoIncrementCycle>
</Column>
<Column name="Precio_Venta" id="C42B88DD-E92F-37B6-761E-6B74CF31763E">
<createdBy>Ambiente</createdBy>
<createdTime>2023-03-16 22:27:25 UTC</createdTime>
<comment><![CDATA[Precio en el que se vendera un producto ]]></comment>
<commentInRDBMS><![CDATA[Precio en el que se vendera un producto ]]></commentInRDBMS>
<generatorID>23BA757D-D50C-EE3D-6703-94834EEDDFF7</generatorID>
<ownerDesignName>ProyectoAdsoSena</ownerDesignName>
<useDomainConstraints>false</useDomainConstraints>
<use>1</use>
<logicalDatatype>LOGDT043</logicalDatatype>
<ownDataTypeParameters>,,</ownDataTypeParameters>
<autoIncrementCycle>false</autoIncrementCycle>
</Column>
<Column name="Precio_Descuento" id="B0AF7424-C199-643A-3788-3126F0AF6AC9">
<createdBy>Ambiente</createdBy>
<createdTime>2023-03-16 22:27:25 UTC</createdTime>
<comment><![CDATA[Precio de descuento de un producto ]]></comment>
<commentInRDBMS><![CDATA[Precio de descuento de un producto ]]></commentInRDBMS>
<generatorID>571C865D-A6E1-F8F9-68AD-9F3EE989FF9E</generatorID>
<ownerDesignName>ProyectoAdsoSena</ownerDesignName>
<nullsAllowed>true</nullsAllowed>
<useDomainConstraints>false</useDomainConstraints>
<use>1</use>
<logicalDatatype>LOGDT043</logicalDatatype>
<ownDataTypeParameters>,,</ownDataTypeParameters>
<autoIncrementCycle>false</autoIncrementCycle>
</Column>
<Column name="Fecha_Descuento" id="D8E4A312-A149-BD5A-00C7-3006B65CA3A9">
<createdBy>Ambiente</createdBy>
<createdTime>2023-03-16 22:27:25 UTC</createdTime>
<comment><![CDATA[Fecha de inicio y fin del descuento ]]></comment>
<commentInRDBMS><![CDATA[Fecha de inicio y fin del descuento ]]></commentInRDBMS>
<generatorID>D64DA352-9903-D494-A785-9F517C6E0A71</generatorID>
<ownerDesignName>ProyectoAdsoSena</ownerDesignName>
<useDomainConstraints>false</useDomainConstraints>
<use>1</use>
<logicalDatatype>LOGDT008</logicalDatatype>
<ownDataTypeParameters>,,</ownDataTypeParameters>
<autoIncrementCycle>false</autoIncrementCycle>
</Column>
<Column name="Estado" id="CCC36DC3-9453-AFB0-928A-69D9396509DF">
<createdBy>Ambiente</createdBy>
<createdTime>2023-03-16 22:27:25 UTC</createdTime>
<comment><![CDATA[Estado del descuento (1=Activo, 0=Inactivo)]]></comment>
<commentInRDBMS><![CDATA[Estado del descuento (1=Activo, 0=Inactivo)]]></commentInRDBMS>
<generatorID>D8E97913-23EB-B01D-CDD6-6B7189B377FC</generatorID>
<ownerDesignName>ProyectoAdsoSena</ownerDesignName>
<useDomainConstraints>false</useDomainConstraints>
<use>1</use>
<logicalDatatype>LOGDT037</logicalDatatype>
<dataTypeSize>65 CHAR</dataTypeSize>
<ownDataTypeParameters>65 CHAR,,</ownDataTypeParameters>
<autoIncrementCycle>false</autoIncrementCycle>
</Column>
</columns>
<indexes itemClass="oracle.dbtools.crest.model.design.relational.Index">
<ind_PK_UK id="3524D250-2206-D081-F3E3-2F1DE30556F8" name="Precios_PK">
<createdBy>Ambiente</createdBy>
<createdTime>2023-03-16 22:27:25 UTC</createdTime>
<generatorID>ECFF74A3-5203-6F6A-682C-26AC34EBE970</generatorID>
<ownerDesignName>ProyectoAdsoSena</ownerDesignName>
<pk>true</pk>
<indexState>Primary Constraint</indexState>
<isSurrogateKey>false</isSurrogateKey>
<indexColumnUsage>
<colUsage columnID="EFF481B0-77B3-640F-9879-52BDC925690C"/>
</indexColumnUsage>
</ind_PK_UK>
</indexes>
</Table>