<?xml version = '1.0' encoding = 'UTF-8'?>
<Table class="oracle.dbtools.crest.model.design.relational.Table" directorySegmentName="seg_0" id="B64C22C5-0B2D-9575-E1C4-46457E472DE9" name="Cliente">
<createdBy>Ambiente</createdBy>
<createdTime>2023-03-16 22:27:25 UTC</createdTime>
<generatorID>748DE886-6984-0D5E-3147-0D6A7E878BF1</generatorID>
<ownerDesignName>ProyectoAdsoSena</ownerDesignName>
<allowColumnReorder>false</allowColumnReorder>
<existDependencyGenerateInDDl>true</existDependencyGenerateInDDl>
<parsed>true</parsed>
<columns itemClass="oracle.dbtools.crest.model.design.relational.Column">
<Column name="NumeroDocumento" id="E90610FA-3A03-A5BD-B639-6EBF7A3AD2CA">
<createdBy>Ambiente</createdBy>
<createdTime>2023-03-16 22:27:25 UTC</createdTime>
<comment><![CDATA[Numero de documento del cliente]]></comment>
<commentInRDBMS><![CDATA[Numero de documento del cliente]]></commentInRDBMS>
<generatorID>46A96FA9-C3CC-13FB-12CB-DAB752C52DB6</generatorID>
<ownerDesignName>ProyectoAdsoSena</ownerDesignName>
<useDomainConstraints>false</useDomainConstraints>
<use>1</use>
<logicalDatatype>LOGDT037</logicalDatatype>
<dataTypeSize>65 CHAR</dataTypeSize>
<ownDataTypeParameters>65 CHAR,,</ownDataTypeParameters>
<autoIncrementCycle>false</autoIncrementCycle>
</Column>
<Column name="Nombre" id="7634B0D8-3F89-CC7F-BEB5-192EE466FF4E">
<createdBy>Ambiente</createdBy>
<createdTime>2023-03-16 22:27:25 UTC</createdTime>
<comment><![CDATA[Nombre del cliente]]></comment>
<commentInRDBMS><![CDATA[Nombre del cliente]]></commentInRDBMS>
<generatorID>23AAC536-BED7-5B11-E57F-5E7CEE6D3DCF</generatorID>
<ownerDesignName>ProyectoAdsoSena</ownerDesignName>
<useDomainConstraints>false</useDomainConstraints>
<use>1</use>
<logicalDatatype>LOGDT037</logicalDatatype>
<dataTypeSize>65 CHAR</dataTypeSize>
<ownDataTypeParameters>65 CHAR,,</ownDataTypeParameters>
<autoIncrementCycle>false</autoIncrementCycle>
</Column>
<Column name="Apellido" id="D517B286-ED60-2D39-306C-4BC4CEF88677">
<createdBy>Ambiente</createdBy>
<createdTime>2023-03-16 22:27:25 UTC</createdTime>
<comment><![CDATA[Apellido del cliente]]></comment>
<commentInRDBMS><![CDATA[Apellido del cliente]]></commentInRDBMS>
<generatorID>9A05E2AA-6DED-39CB-1D41-E7E3839E9A25</generatorID>
<ownerDesignName>ProyectoAdsoSena</ownerDesignName>
<useDomainConstraints>false</useDomainConstraints>
<use>1</use>
<logicalDatatype>LOGDT037</logicalDatatype>
<dataTypeSize>65 CHAR</dataTypeSize>
<ownDataTypeParameters>65 CHAR,,</ownDataTypeParameters>
<autoIncrementCycle>false</autoIncrementCycle>
</Column>
<Column name="Correo" id="FA491BC2-7B0C-06FF-C59B-E5D0A653F4BE">
<createdBy>Ambiente</createdBy>
<createdTime>2023-03-16 22:27:25 UTC</createdTime>
<comment><![CDATA[Correo electronico del cliente]]></comment>
<commentInRDBMS><![CDATA[Correo electronico del cliente]]></commentInRDBMS>
<generatorID>85D7AF78-C0C6-58E2-7834-D4BEAB1BEBA0</generatorID>
<ownerDesignName>ProyectoAdsoSena</ownerDesignName>
<useDomainConstraints>false</useDomainConstraints>
<use>1</use>
<logicalDatatype>LOGDT037</logicalDatatype>
<dataTypeSize>65 CHAR</dataTypeSize>
<ownDataTypeParameters>65 CHAR,,</ownDataTypeParameters>
<autoIncrementCycle>false</autoIncrementCycle>
</Column>
<Column name="Telefono" id="258DFC78-5508-CEF5-FFEA-E5E04F48AEF4">
<createdBy>Ambiente</createdBy>
<createdTime>2023-03-16 22:27:25 UTC</createdTime>
<comment><![CDATA[Telefono del cliente]]></comment>
<commentInRDBMS><![CDATA[Telefono del cliente]]></commentInRDBMS>
<generatorID>17E75325-A8B5-BD8F-0B85-C7C9FF3AE8F3</generatorID>
<ownerDesignName>ProyectoAdsoSena</ownerDesignName>
<useDomainConstraints>false</useDomainConstraints>
<use>1</use>
<logicalDatatype>LOGDT037</logicalDatatype>
<dataTypeSize>65 CHAR</dataTypeSize>
<ownDataTypeParameters>65 CHAR,,</ownDataTypeParameters>
<autoIncrementCycle>false</autoIncrementCycle>
</Column>
<Column name="Usuario_Id_Usuario" id="33D5B1C1-ACE8-CDEC-A97D-FF7D58954210">
<createdBy>Ambiente</createdBy>
<createdTime>2023-04-11 18:36:20 UTC</createdTime>
<comment><![CDATA[Identificador unico del usuario]]></comment>
<generatorID>5CC5D011-7F31-957C-4ABC-A406CFAA439E</generatorID>
<ownerDesignName>ProyectoAdsoSena</ownerDesignName>
<useDomainConstraints>false</useDomainConstraints>
<use>1</use>
<logicalDatatype>LOGDT037</logicalDatatype>
<dataTypeSize>65 CHAR</dataTypeSize>
<ownDataTypeParameters>65 CHAR,,</ownDataTypeParameters>
<previousColumn>false</previousColumn>
<autoIncrementCycle>false</autoIncrementCycle>
<associations>
<colAssociation fkAssociation="8D3EB6F1-8D5E-5620-BEB5-AEBA24CBF8E0" referredColumn="934D8BDD-EFE2-5FB2-7891-AFEA26F9AB77"/>
</associations>
</Column>
<Column name="Tipodocumento" id="A4F14268-E347-E88B-5BB1-9584AFB3F647">
<createdBy>Ambiente</createdBy>
<createdTime>2023-04-11 22:29:19 UTC</createdTime>
<comment><![CDATA[Tipo de documento del cliente]]></comment>
<commentInRDBMS><![CDATA[Tipo de documento del cliente]]></commentInRDBMS>
<generatorID>1C27E792-D454-4D76-A4F5-E261EC6997C6</generatorID>
<ownerDesignName>ProyectoAdsoSena</ownerDesignName>
<useDomainConstraints>false</useDomainConstraints>
<use>1</use>
<logicalDatatype>LOGDT037</logicalDatatype>
<dataTypeSize>65 CHAR</dataTypeSize>
<ownDataTypeParameters>65 CHAR,,</ownDataTypeParameters>
<autoIncrementCycle>false</autoIncrementCycle>
</Column>
</columns>
<indexes itemClass="oracle.dbtools.crest.model.design.relational.Index">
<ind_PK_UK id="12E34D64-A075-8A0B-0A7C-13E5E6CA9DF7" name="Cliente_PK">
<createdBy>Ambiente</createdBy>
<createdTime>2023-03-16 22:27:25 UTC</createdTime>
<generatorID>CA3844C2-B4AA-FE78-3476-7C604FCE9FC6</generatorID>
<ownerDesignName>ProyectoAdsoSena</ownerDesignName>
<pk>true</pk>
<indexState>Primary Constraint</indexState>
<isSurrogateKey>false</isSurrogateKey>
<indexColumnUsage>
<colUsage columnID="E90610FA-3A03-A5BD-B639-6EBF7A3AD2CA"/>
</indexColumnUsage>
</ind_PK_UK>
<ind_PK_UK id="8B0AEF57-59E0-5A9C-B25A-E641AC52D9AB" name="Cliente__IDX">
<createdBy>Ambiente</createdBy>
<createdTime>2023-04-11 18:36:20 UTC</createdTime>
<ownerDesignName>ProyectoAdsoSena</ownerDesignName>
<indexState>Unique Plain Index</indexState>
<isSurrogateKey>false</isSurrogateKey>
<relationGeneratorID>02FB7EE4-57DB-2080-A78B-BC0FD82D3DFD</relationGeneratorID>
<indexColumnUsage>
<colUsage columnID="33D5B1C1-ACE8-CDEC-A97D-FF7D58954210"/>
</indexColumnUsage>
</ind_PK_UK>
<ind_PK_UK id="3175A409-A423-F0DD-43E4-53B5435A8F3F" name="Cliente__IDX">
<createdBy>Ambiente</createdBy>
<createdTime>2023-04-11 22:29:19 UTC</createdTime>
<ownerDesignName>ProyectoAdsoSena</ownerDesignName>
<indexState>Unique Plain Index</indexState>
<isSurrogateKey>false</isSurrogateKey>
<relationGeneratorID>EAFDBB35-E820-0290-E4DE-5904A6E43184</relationGeneratorID>
</ind_PK_UK>
<ind_PK_UK id="2E76A989-B10C-0CE0-31E1-E31D09739DE0" name="Cliente_Usuario_FK">
<createdBy>Ambiente</createdBy>
<createdTime>2023-04-11 18:36:20 UTC</createdTime>
<generatorID>02FB7EE4-57DB-2080-A78B-BC0FD82D3DFD</generatorID>
<ownerDesignName>ProyectoAdsoSena</ownerDesignName>
<indexState>Foreign Key</indexState>
<isSurrogateKey>false</isSurrogateKey>
<indexColumnUsage>
<colUsage columnID="33D5B1C1-ACE8-CDEC-A97D-FF7D58954210"/>
</indexColumnUsage>
</ind_PK_UK>
</indexes>
</Table>