<?xml version = '1.0' encoding = 'UTF-8'?>
<Table class="oracle.dbtools.crest.model.design.relational.Table" directorySegmentName="seg_0" id="F41C3B6B-7F94-0D6B-1E47-51F3AEE9B1B6" name="Stock">
<createdBy>Ambiente</createdBy>
<createdTime>2023-03-16 22:27:25 UTC</createdTime>
<generatorID>C013F837-20A2-D429-62F9-3BF9E756FF2E</generatorID>
<ownerDesignName>ProyectoAdsoSena</ownerDesignName>
<allowColumnReorder>false</allowColumnReorder>
<existDependencyGenerateInDDl>true</existDependencyGenerateInDDl>
<parsed>true</parsed>
<columns itemClass="oracle.dbtools.crest.model.design.relational.Column">
<Column name="ID_Stock" id="A181E21E-7047-32C1-519D-0761675E7370">
<createdBy>Ambiente</createdBy>
<createdTime>2023-03-16 22:27:25 UTC</createdTime>
<comment><![CDATA[Identificador unico del stock ]]></comment>
<commentInRDBMS><![CDATA[Identificador unico del stock ]]></commentInRDBMS>
<generatorID>846ED7A3-B7BB-6D2B-11CA-99F771CEC9C0</generatorID>
<ownerDesignName>ProyectoAdsoSena</ownerDesignName>
<useDomainConstraints>false</useDomainConstraints>
<use>1</use>
<logicalDatatype>LOGDT037</logicalDatatype>
<dataTypeSize>65 CHAR</dataTypeSize>
<ownDataTypeParameters>65 CHAR,,</ownDataTypeParameters>
<autoIncrementCycle>false</autoIncrementCycle>
</Column>
<Column name="Cantidad_Real" id="8E05A6B7-9E84-5806-C673-315ABD782283">
<createdBy>Ambiente</createdBy>
<createdTime>2023-03-16 22:27:25 UTC</createdTime>
<comment><![CDATA[Cantidad real de un producto determinado que se encuentra en el stock]]></comment>
<commentInRDBMS><![CDATA[Cantidad real de un producto determinado que se encuentra en el stock]]></commentInRDBMS>
<generatorID>E902896E-0D9E-FCB0-193E-6B6E90ADADAD</generatorID>
<ownerDesignName>ProyectoAdsoSena</ownerDesignName>
<useDomainConstraints>false</useDomainConstraints>
<use>1</use>
<logicalDatatype>LOGDT037</logicalDatatype>
<dataTypeSize>65 CHAR</dataTypeSize>
<ownDataTypeParameters>65 CHAR,,</ownDataTypeParameters>
<autoIncrementCycle>false</autoIncrementCycle>
</Column>
<Column name="Cantidad_Ideal" id="07A4892B-1D0F-5C70-1FAB-8F6EE747DE2D">
<createdBy>Ambiente</createdBy>
<createdTime>2023-03-16 22:27:25 UTC</createdTime>
<comment><![CDATA[Cantidad ideal de un producto determinado que se encuentra en el stock]]></comment>
<commentInRDBMS><![CDATA[Cantidad ideal de un producto determinado que se encuentra en el stock]]></commentInRDBMS>
<generatorID>4831D63D-BD61-8465-1E3A-6DE298C3431C</generatorID>
<ownerDesignName>ProyectoAdsoSena</ownerDesignName>
<useDomainConstraints>false</useDomainConstraints>
<use>1</use>
<logicalDatatype>LOGDT037</logicalDatatype>
<dataTypeSize>65 CHAR</dataTypeSize>
<ownDataTypeParameters>65 CHAR,,</ownDataTypeParameters>
<autoIncrementCycle>false</autoIncrementCycle>
</Column>
<Column name="Cantidad_Minima" id="7E0FDA34-8796-E421-2C10-2BB3459A5387">
<createdBy>Ambiente</createdBy>
<createdTime>2023-03-16 22:27:25 UTC</createdTime>
<comment><![CDATA[Cantidad minima que debe de tener un producto determinadoen  el stock]]></comment>
<commentInRDBMS><![CDATA[Cantidad minima que debe de tener un producto determinadoen  el stock]]></commentInRDBMS>
<generatorID>9A38B3C3-3958-E4DC-097E-ABF94FFE2B7A</generatorID>
<ownerDesignName>ProyectoAdsoSena</ownerDesignName>
<useDomainConstraints>false</useDomainConstraints>
<use>1</use>
<logicalDatatype>LOGDT037</logicalDatatype>
<dataTypeSize>65 CHAR</dataTypeSize>
<ownDataTypeParameters>65 CHAR,,</ownDataTypeParameters>
<autoIncrementCycle>false</autoIncrementCycle>
</Column>
<Column name="Cantidad_Alarmar" id="DDAAD4BB-77DE-C9AB-92B0-54621EA9AA6E">
<createdBy>Ambiente</createdBy>
<createdTime>2023-03-16 22:27:25 UTC</createdTime>
<comment><![CDATA[Cantidad de alarma que debe de tener un producto en  el stock ]]></comment>
<commentInRDBMS><![CDATA[Cantidad de alarma que debe de tener un producto en  el stock ]]></commentInRDBMS>
<generatorID>8DDE7687-FBB3-4E26-822A-E79855AAA564</generatorID>
<ownerDesignName>ProyectoAdsoSena</ownerDesignName>
<useDomainConstraints>false</useDomainConstraints>
<use>1</use>
<logicalDatatype>LOGDT037</logicalDatatype>
<dataTypeSize>65 CHAR</dataTypeSize>
<ownDataTypeParameters>65 CHAR,,</ownDataTypeParameters>
<autoIncrementCycle>false</autoIncrementCycle>
</Column>
<Column name="Fecha_Ingreso" id="E8D4BC86-2CF2-DD64-1DDE-4C33A6E5F214">
<createdBy>Ambiente</createdBy>
<createdTime>2023-03-16 22:27:25 UTC</createdTime>
<comment><![CDATA[Fecha de ingreso del producto al stock]]></comment>
<commentInRDBMS><![CDATA[Fecha de ingreso del producto al stock]]></commentInRDBMS>
<generatorID>CB585473-9EB0-8104-D680-ABC1A8F43AC6</generatorID>
<ownerDesignName>ProyectoAdsoSena</ownerDesignName>
<useDomainConstraints>false</useDomainConstraints>
<use>1</use>
<logicalDatatype>LOGDT008</logicalDatatype>
<ownDataTypeParameters>,,</ownDataTypeParameters>
<autoIncrementCycle>false</autoIncrementCycle>
</Column>
<Column name="Productos_ID_Producto1" id="D4FFF6EF-3288-C5A0-DFBE-1302CF8DE039">
<createdBy>Ambiente</createdBy>
<createdTime>2023-03-16 22:27:25 UTC</createdTime>
<generatorID>2D026AD2-4732-48B7-1CB2-D4C55E68D0B8</generatorID>
<ownerDesignName>ProyectoAdsoSena</ownerDesignName>
<useDomainConstraints>false</useDomainConstraints>
<use>1</use>
<logicalDatatype>LOGDT037</logicalDatatype>
<dataTypeSize>65 CHAR</dataTypeSize>
<ownDataTypeParameters>65 CHAR,,</ownDataTypeParameters>
<previousColumn>false</previousColumn>
<autoIncrementCycle>false</autoIncrementCycle>
<associations>
<colAssociation fkAssociation="EEE847F4-50B2-BC94-2380-F0EA53578255" referredColumn="110FC97A-E40D-32E9-3185-B6FD67DDB383"/>
</associations>
</Column>
</columns>
<indexes itemClass="oracle.dbtools.crest.model.design.relational.Index">
<ind_PK_UK id="3362A560-655D-6445-62AB-EE0282626E21" name="Stock_PK">
<createdBy>Ambiente</createdBy>
<createdTime>2023-03-16 22:27:25 UTC</createdTime>
<generatorID>BFAC2E77-117D-B009-7F1B-1EF78C63EE01</generatorID>
<ownerDesignName>ProyectoAdsoSena</ownerDesignName>
<pk>true</pk>
<indexState>Primary Constraint</indexState>
<isSurrogateKey>false</isSurrogateKey>
<indexColumnUsage>
<colUsage columnID="A181E21E-7047-32C1-519D-0761675E7370"/>
<colUsage columnID="D4FFF6EF-3288-C5A0-DFBE-1302CF8DE039"/>
</indexColumnUsage>
</ind_PK_UK>
<ind_PK_UK id="12B0F927-A262-72FB-7390-CFFF700D63DB" name="Stock__IDX">
<createdBy>Ambiente</createdBy>
<createdTime>2023-03-30 22:06:17 UTC</createdTime>
<ownerDesignName>ProyectoAdsoSena</ownerDesignName>
<indexState>Unique Plain Index</indexState>
<isSurrogateKey>false</isSurrogateKey>
<relationGeneratorID>3924174F-4314-3AD2-F260-BE7F3BE4EFBD</relationGeneratorID>
<indexColumnUsage>
<colUsage columnID="D4FFF6EF-3288-C5A0-DFBE-1302CF8DE039"/>
</indexColumnUsage>
</ind_PK_UK>
<ind_PK_UK id="B2C0C8FC-737E-4F7E-125A-4DB04E7C13D9" name="Stock_Productos_FK">
<createdBy>Ambiente</createdBy>
<createdTime>2023-03-16 22:27:25 UTC</createdTime>
<generatorID>3924174F-4314-3AD2-F260-BE7F3BE4EFBD</generatorID>
<ownerDesignName>ProyectoAdsoSena</ownerDesignName>
<indexState>Foreign Key</indexState>
<isSurrogateKey>false</isSurrogateKey>
<indexColumnUsage>
<colUsage columnID="D4FFF6EF-3288-C5A0-DFBE-1302CF8DE039"/>
</indexColumnUsage>
</ind_PK_UK>
</indexes>
</Table>