<?xml version = '1.0' encoding = 'UTF-8'?>
<Table class="oracle.dbtools.crest.model.design.relational.Table" directorySegmentName="seg_0" id="326A3F68-A4FE-CC2B-2EE9-341D4B5B3452" name="Preciosv1">
<createdBy>FABIAN DIAZ</createdBy>
<createdTime>2023-05-07 02:06:15 UTC</createdTime>
<generatorID>515D8128-9AA6-3BD9-2CE7-B537A9721BE7</generatorID>
<ownerDesignName>ModeloLogicoComp</ownerDesignName>
<allowColumnReorder>false</allowColumnReorder>
<existDependencyGenerateInDDl>true</existDependencyGenerateInDDl>
<parsed>true</parsed>
<columns itemClass="oracle.dbtools.crest.model.design.relational.Column">
<Column name="ID_precio" id="C6BA9B42-9F16-9041-F174-731A184A203A">
<createdBy>FABIAN DIAZ</createdBy>
<createdTime>2023-05-07 02:06:15 UTC</createdTime>
<comment><![CDATA[Identificador unico del precio]]></comment>
<commentInRDBMS><![CDATA[Identificador unico del precio]]></commentInRDBMS>
<generatorID>7FBB13C7-F739-6436-4607-C52DA8A06C8B</generatorID>
<ownerDesignName>ModeloLogicoComp</ownerDesignName>
<useDomainConstraints>false</useDomainConstraints>
<use>1</use>
<logicalDatatype>LOGDT011</logicalDatatype>
<ownDataTypeParameters>,,</ownDataTypeParameters>
<autoIncrementCycle>false</autoIncrementCycle>
</Column>
<Column name="Precio_compra" id="474DC2D7-AE2F-3EBA-22D7-74851A05BF63">
<createdBy>FABIAN DIAZ</createdBy>
<createdTime>2023-05-07 02:06:15 UTC</createdTime>
<comment><![CDATA[Precio de compra del producto]]></comment>
<commentInRDBMS><![CDATA[Precio de compra del producto]]></commentInRDBMS>
<generatorID>6CFA1204-3E1A-CD45-D76D-A03A63EF6CEA</generatorID>
<ownerDesignName>ModeloLogicoComp</ownerDesignName>
<useDomainConstraints>false</useDomainConstraints>
<use>1</use>
<logicalDatatype>LOGDT011</logicalDatatype>
<ownDataTypeParameters>,,</ownDataTypeParameters>
<autoIncrementCycle>false</autoIncrementCycle>
</Column>
<Column name="Precio_Venta" id="3E951675-F32F-FBC4-8DD6-998B832DA56F">
<createdBy>FABIAN DIAZ</createdBy>
<createdTime>2023-05-07 02:06:15 UTC</createdTime>
<comment><![CDATA[Precio de venta del producto]]></comment>
<commentInRDBMS><![CDATA[Precio de venta del producto]]></commentInRDBMS>
<generatorID>623B18B7-D607-CE77-F58B-6D77817A5712</generatorID>
<ownerDesignName>ModeloLogicoComp</ownerDesignName>
<useDomainConstraints>false</useDomainConstraints>
<use>1</use>
<logicalDatatype>LOGDT011</logicalDatatype>
<ownDataTypeParameters>,,</ownDataTypeParameters>
<autoIncrementCycle>false</autoIncrementCycle>
</Column>
<Column name="Precio_descuento" id="170AA99C-97C4-CE60-E71F-647102D30533">
<createdBy>FABIAN DIAZ</createdBy>
<createdTime>2023-05-07 02:06:15 UTC</createdTime>
<comment><![CDATA[Precio de descuento del producto ]]></comment>
<commentInRDBMS><![CDATA[Precio de descuento del producto]]></commentInRDBMS>
<generatorID>4CD87A0E-839F-09F3-3B2C-1F25F1B80387</generatorID>
<ownerDesignName>ModeloLogicoComp</ownerDesignName>
<useDomainConstraints>false</useDomainConstraints>
<use>1</use>
<logicalDatatype>LOGDT011</logicalDatatype>
<ownDataTypeParameters>,,</ownDataTypeParameters>
<autoIncrementCycle>false</autoIncrementCycle>
</Column>
<Column name="Fecha_descuento" id="CB6AB556-8E67-EA48-724A-739B4250F9C8">
<createdBy>FABIAN DIAZ</createdBy>
<createdTime>2023-05-07 02:06:15 UTC</createdTime>
<comment><![CDATA[Fecha de inicio y finalización del descuento del producto]]></comment>
<commentInRDBMS><![CDATA[Fecha de inicio y finalización del descuento del producto]]></commentInRDBMS>
<generatorID>99DDC6AE-4B43-52D1-F749-DBC258162214</generatorID>
<ownerDesignName>ModeloLogicoComp</ownerDesignName>
<useDomainConstraints>false</useDomainConstraints>
<use>1</use>
<logicalDatatype>LOGDT008</logicalDatatype>
<ownDataTypeParameters>,,</ownDataTypeParameters>
<autoIncrementCycle>false</autoIncrementCycle>
</Column>
<Column name="Estado" id="12671B87-B81F-7222-8136-F361863C995C">
<createdBy>FABIAN DIAZ</createdBy>
<createdTime>2023-05-07 02:06:15 UTC</createdTime>
<comment><![CDATA[Estado del descuento/precio (1=Activo, 0=Inactivo)]]></comment>
<commentInRDBMS><![CDATA[Estado del descuento/precio (1=Activo, 0=Inactivo)]]></commentInRDBMS>
<generatorID>CD3EE267-F898-6715-B6B3-C52A78EBAF40</generatorID>
<ownerDesignName>ModeloLogicoComp</ownerDesignName>
<useDomainConstraints>false</useDomainConstraints>
<use>1</use>
<logicalDatatype>A3A3C77D-0366-9768-FF89-1C25E56881C8</logicalDatatype>
<dataTypeSize>40</dataTypeSize>
<ownDataTypeParameters>40,,</ownDataTypeParameters>
<autoIncrementCycle>false</autoIncrementCycle>
</Column>
</columns>
<indexes itemClass="oracle.dbtools.crest.model.design.relational.Index">
<ind_PK_UK id="8DA99521-1F88-EA78-B492-7F64FFE7C169" name="Preciosv1_PK">
<createdBy>FABIAN DIAZ</createdBy>
<createdTime>2023-05-07 02:06:15 UTC</createdTime>
<generatorID>906DC4B7-0634-8596-786E-0FA73563FDA0</generatorID>
<ownerDesignName>ModeloLogicoComp</ownerDesignName>
<pk>true</pk>
<indexState>Primary Constraint</indexState>
<isSurrogateKey>false</isSurrogateKey>
<indexColumnUsage>
<colUsage columnID="C6BA9B42-9F16-9041-F174-731A184A203A"/>
</indexColumnUsage>
</ind_PK_UK>
</indexes>
</Table>