<?xml version = '1.0' encoding = 'UTF-8'?>
<Table class="oracle.dbtools.crest.model.design.relational.Table" directorySegmentName="seg_0" id="A7F2460A-DB33-D568-E5DD-77B7CE5DABB3" name="Detalle_factura_Proveedor">
<createdBy>Ambiente</createdBy>
<createdTime>2023-04-11 18:36:20 UTC</createdTime>
<generatorID>BDD92DB1-54C7-C4D0-BB2C-223B9902C85C</generatorID>
<ownerDesignName>ModeloLogicoComp</ownerDesignName>
<allowColumnReorder>false</allowColumnReorder>
<existDependencyGenerateInDDl>true</existDependencyGenerateInDDl>
<parsed>true</parsed>
<columns itemClass="oracle.dbtools.crest.model.design.relational.Column">
<Column name="Id_detalle" id="7B57CC3B-2B6D-3123-80EC-05C49AF4AD61">
<createdBy>Ambiente</createdBy>
<createdTime>2023-04-11 18:36:20 UTC</createdTime>
<commentInRDBMS><![CDATA[identificador del detalle de pedido]]></commentInRDBMS>
<generatorID>E7F93804-8458-3E68-1773-D0BD0199694C</generatorID>
<ownerDesignName>ModeloLogicoComp</ownerDesignName>
<useDomainConstraints>false</useDomainConstraints>
<use>1</use>
<logicalDatatype>LOGDT037</logicalDatatype>
<dataTypeSize>30 CHAR</dataTypeSize>
<ownDataTypeParameters>30 CHAR,,</ownDataTypeParameters>
<autoIncrementCycle>false</autoIncrementCycle>
</Column>
<Column name="cantidad" id="77E9ED39-3890-1BD9-F36A-B00BB6B323A5">
<createdBy>Ambiente</createdBy>
<createdTime>2023-04-11 18:36:20 UTC</createdTime>
<commentInRDBMS><![CDATA[cantidad de productos del pedido]]></commentInRDBMS>
<generatorID>E3FBE5C5-234F-07D4-9D14-C507E6A69A3F</generatorID>
<ownerDesignName>ModeloLogicoComp</ownerDesignName>
<useDomainConstraints>false</useDomainConstraints>
<use>1</use>
<logicalDatatype>LOGDT011</logicalDatatype>
<ownDataTypeParameters>,,</ownDataTypeParameters>
<autoIncrementCycle>false</autoIncrementCycle>
</Column>
<Column name="precio" id="59219D1F-E7F2-CBC6-9E13-A2781C62AB54">
<createdBy>Ambiente</createdBy>
<createdTime>2023-04-11 18:36:20 UTC</createdTime>
<commentInRDBMS><![CDATA[precio de los productos del pedido
]]></commentInRDBMS>
<generatorID>C044BAD8-174E-4BF9-1336-5E3EE63F1E2F</generatorID>
<ownerDesignName>ModeloLogicoComp</ownerDesignName>
<useDomainConstraints>false</useDomainConstraints>
<use>1</use>
<logicalDatatype>LOGDT011</logicalDatatype>
<ownDataTypeParameters>,,</ownDataTypeParameters>
<autoIncrementCycle>false</autoIncrementCycle>
</Column>
<Column name="iva" id="526DE0F4-478C-56F5-B7D8-B548812F2F73">
<createdBy>Ambiente</createdBy>
<createdTime>2023-04-11 18:36:20 UTC</createdTime>
<commentInRDBMS><![CDATA[iva de los productos del pedido]]></commentInRDBMS>
<generatorID>AD462C34-6F91-D6F0-E916-550CA9447BEF</generatorID>
<ownerDesignName>ModeloLogicoComp</ownerDesignName>
<useDomainConstraints>false</useDomainConstraints>
<use>1</use>
<logicalDatatype>LOGDT011</logicalDatatype>
<ownDataTypeParameters>,,</ownDataTypeParameters>
<autoIncrementCycle>false</autoIncrementCycle>
</Column>
<Column name="subtotal" id="72928C43-418F-1D3F-88E2-A519D5B84C1C">
<createdBy>Ambiente</createdBy>
<createdTime>2023-04-11 18:36:20 UTC</createdTime>
<commentInRDBMS><![CDATA[subtotal del pedido]]></commentInRDBMS>
<generatorID>35AF9AB8-4120-BEBD-53F3-3721C0787795</generatorID>
<ownerDesignName>ModeloLogicoComp</ownerDesignName>
<useDomainConstraints>false</useDomainConstraints>
<use>1</use>
<logicalDatatype>LOGDT011</logicalDatatype>
<ownDataTypeParameters>,,</ownDataTypeParameters>
<autoIncrementCycle>false</autoIncrementCycle>
</Column>
<Column name="total" id="85C33967-E392-6F0F-F028-A9234C871741">
<createdBy>Ambiente</createdBy>
<createdTime>2023-04-11 18:36:20 UTC</createdTime>
<commentInRDBMS><![CDATA[total del pedido
]]></commentInRDBMS>
<generatorID>CA11AC88-8C0F-777F-166C-8E72AABA7B43</generatorID>
<ownerDesignName>ModeloLogicoComp</ownerDesignName>
<useDomainConstraints>false</useDomainConstraints>
<use>1</use>
<logicalDatatype>LOGDT011</logicalDatatype>
<ownDataTypeParameters>,,</ownDataTypeParameters>
<autoIncrementCycle>false</autoIncrementCycle>
</Column>
<Column name="Factura_proveedor_ID_Factura" id="422B1D8C-63C4-1B45-4EEF-6609B93E43BA">
<createdBy>Ambiente</createdBy>
<createdTime>2023-04-11 18:36:20 UTC</createdTime>
<comment><![CDATA[Identificador unico de la factura]]></comment>
<generatorID>37EF4984-C161-C5EE-52ED-06823E174462</generatorID>
<ownerDesignName>ModeloLogicoComp</ownerDesignName>
<useDomainConstraints>false</useDomainConstraints>
<use>1</use>
<logicalDatatype>LOGDT037</logicalDatatype>
<dataTypeSize>30 CHAR</dataTypeSize>
<ownDataTypeParameters>30 CHAR,,</ownDataTypeParameters>
<previousColumn>false</previousColumn>
<autoIncrementCycle>false</autoIncrementCycle>
<associations>
<colAssociation fkAssociation="BD8DACEA-4448-ACB8-7E51-2A3669ADA81F" referredColumn="58CE5435-13E7-15B2-679F-D03313AF033B"/>
</associations>
</Column>
<Column name="Factura_proveedor_Proveedor_ID_Proveedor" id="D70F85D2-F415-4507-ACDB-1A33915351C5">
<createdBy>Ambiente</createdBy>
<createdTime>2023-04-11 18:36:20 UTC</createdTime>
<comment><![CDATA[Identificador unico del proveedor]]></comment>
<generatorID>4007A5E9-7EF5-AFAC-C929-53E0A37A7056</generatorID>
<ownerDesignName>ModeloLogicoComp</ownerDesignName>
<useDomainConstraints>false</useDomainConstraints>
<use>1</use>
<logicalDatatype>LOGDT037</logicalDatatype>
<dataTypeSize>65 CHAR</dataTypeSize>
<ownDataTypeParameters>65 CHAR,,</ownDataTypeParameters>
<previousColumn>false</previousColumn>
<autoIncrementCycle>false</autoIncrementCycle>
<associations>
<colAssociation fkAssociation="BD8DACEA-4448-ACB8-7E51-2A3669ADA81F" referredColumn="94128969-1C6A-F808-57E4-F77FC0524732"/>
</associations>
</Column>
<Column name="Productos_ID_Producto1" id="597ECA54-5278-2857-DDBA-BFC33EB583BD">
<createdBy>Ambiente</createdBy>
<createdTime>2023-04-11 18:36:20 UTC</createdTime>
<comment><![CDATA[Identificador unico del producto]]></comment>
<generatorID>E579CCF6-73A5-1AF2-4771-719B1DEC4EE1</generatorID>
<ownerDesignName>ModeloLogicoComp</ownerDesignName>
<useDomainConstraints>false</useDomainConstraints>
<use>1</use>
<logicalDatatype>LOGDT037</logicalDatatype>
<dataTypeSize>65 CHAR</dataTypeSize>
<ownDataTypeParameters>65 CHAR,,</ownDataTypeParameters>
<previousColumn>false</previousColumn>
<autoIncrementCycle>false</autoIncrementCycle>
<associations>
<colAssociation fkAssociation="B394E3B3-B38F-DE1E-2EC6-C0F9ED449329" referredColumn="110FC97A-E40D-32E9-3185-B6FD67DDB383"/>
</associations>
</Column>
<Column name="Producto" id="78EE68EC-604D-4C40-0E6D-A4096BC217D9">
<createdBy>Ambiente</createdBy>
<createdTime>2023-04-11 22:29:19 UTC</createdTime>
<comment><![CDATA[Nombre del producto]]></comment>
<commentInRDBMS><![CDATA[Nombre del producto]]></commentInRDBMS>
<generatorID>8EA4C896-D8A4-C535-4032-B49B0E7BD0BD</generatorID>
<ownerDesignName>ModeloLogicoComp</ownerDesignName>
<useDomainConstraints>false</useDomainConstraints>
<use>1</use>
<logicalDatatype>LOGDT037</logicalDatatype>
<dataTypeSize>65 CHAR</dataTypeSize>
<ownDataTypeParameters>65 CHAR,,</ownDataTypeParameters>
<autoIncrementCycle>false</autoIncrementCycle>
</Column>
<Column name="Id_Producto" id="DD947CCE-DF1C-6D26-78E0-E06449AF9E35">
<createdBy>Valeria</createdBy>
<createdTime>2023-04-12 04:21:25 UTC</createdTime>
<comment><![CDATA[Identificador unico del producto]]></comment>
<commentInRDBMS><![CDATA[Identificador unico del producto]]></commentInRDBMS>
<generatorID>BFC97865-6CD0-652D-52BB-EF17BFD3EFA0</generatorID>
<ownerDesignName>ModeloLogicoComp</ownerDesignName>
<useDomainConstraints>false</useDomainConstraints>
<use>1</use>
<logicalDatatype>LOGDT037</logicalDatatype>
<dataTypeSize>40 CHAR</dataTypeSize>
<ownDataTypeParameters>40 CHAR,,</ownDataTypeParameters>
<autoIncrementCycle>false</autoIncrementCycle>
</Column>
</columns>
<indexes itemClass="oracle.dbtools.crest.model.design.relational.Index">
<ind_PK_UK id="2BDF03CF-58D4-7DC9-FBFB-8998C0667100" name="Detalle_pedido_PK">
<createdBy>Ambiente</createdBy>
<createdTime>2023-04-11 18:36:20 UTC</createdTime>
<generatorID>B21BC0AD-ED44-EBC6-4B11-ABD7307F8971</generatorID>
<ownerDesignName>ModeloLogicoComp</ownerDesignName>
<pk>true</pk>
<indexState>Primary Constraint</indexState>
<isSurrogateKey>false</isSurrogateKey>
<indexColumnUsage>
<colUsage columnID="7B57CC3B-2B6D-3123-80EC-05C49AF4AD61"/>
<colUsage columnID="422B1D8C-63C4-1B45-4EEF-6609B93E43BA"/>
<colUsage columnID="D70F85D2-F415-4507-ACDB-1A33915351C5"/>
<colUsage columnID="597ECA54-5278-2857-DDBA-BFC33EB583BD"/>
</indexColumnUsage>
</ind_PK_UK>
<ind_PK_UK id="17D7E110-7A62-44A2-0FDE-1214E41306DA" name="Detalle_facturav1_Factura_proveedor_FK">
<createdBy>Ambiente</createdBy>
<createdTime>2023-04-11 18:36:20 UTC</createdTime>
<generatorID>D7335407-77FF-844F-852C-B3A97B6282BA</generatorID>
<ownerDesignName>ModeloLogicoComp</ownerDesignName>
<indexState>Foreign Key</indexState>
<isSurrogateKey>false</isSurrogateKey>
<indexColumnUsage>
<colUsage columnID="422B1D8C-63C4-1B45-4EEF-6609B93E43BA"/>
<colUsage columnID="D70F85D2-F415-4507-ACDB-1A33915351C5"/>
</indexColumnUsage>
</ind_PK_UK>
<ind_PK_UK id="0B831EF9-6197-FBE5-B2BA-5169C207F842" name="Detalle_facturav1_Productos_FK">
<createdBy>Ambiente</createdBy>
<createdTime>2023-04-11 18:36:20 UTC</createdTime>
<generatorID>53FDE5DA-D2A2-D33B-B926-2AD3BC5EBFA3</generatorID>
<ownerDesignName>ModeloLogicoComp</ownerDesignName>
<indexState>Foreign Key</indexState>
<isSurrogateKey>false</isSurrogateKey>
<indexColumnUsage>
<colUsage columnID="597ECA54-5278-2857-DDBA-BFC33EB583BD"/>
</indexColumnUsage>
</ind_PK_UK>
</indexes>
</Table>