<?xml version = '1.0' encoding = 'UTF-8'?>
<Table class="oracle.dbtools.crest.model.design.relational.Table" directorySegmentName="seg_0" id="D8B6E558-64F3-705C-CE0A-BC224F51A97E" name="Productos">
<createdBy>Ambiente</createdBy>
<createdTime>2023-03-16 22:27:25 UTC</createdTime>
<generatorID>1089024A-4A63-54C1-6A9D-AD8DA2B57BC0</generatorID>
<ownerDesignName>ModeloLogicoComp</ownerDesignName>
<allowColumnReorder>false</allowColumnReorder>
<existDependencyGenerateInDDl>true</existDependencyGenerateInDDl>
<parsed>true</parsed>
<columns itemClass="oracle.dbtools.crest.model.design.relational.Column">
<Column name="ID_Producto1" id="110FC97A-E40D-32E9-3185-B6FD67DDB383">
<createdBy>Ambiente</createdBy>
<createdTime>2023-03-16 22:27:25 UTC</createdTime>
<comment><![CDATA[Identificador unico del producto]]></comment>
<commentInRDBMS><![CDATA[Identificador unico del producto]]></commentInRDBMS>
<generatorID>33A06AAA-87F1-BA35-E4BC-4EB3609254B6</generatorID>
<ownerDesignName>ModeloLogicoComp</ownerDesignName>
<useDomainConstraints>false</useDomainConstraints>
<use>1</use>
<logicalDatatype>LOGDT037</logicalDatatype>
<dataTypeSize>65 CHAR</dataTypeSize>
<ownDataTypeParameters>65 CHAR,,</ownDataTypeParameters>
<autoIncrementCycle>false</autoIncrementCycle>
</Column>
<Column name="Nombre" id="F734325C-CA08-BB3F-03B9-B3FA590E4A49">
<createdBy>Ambiente</createdBy>
<createdTime>2023-03-16 22:27:25 UTC</createdTime>
<comment><![CDATA[Nombre del producto ]]></comment>
<commentInRDBMS><![CDATA[Nombre del producto ]]></commentInRDBMS>
<generatorID>2F4DA894-E530-77BF-5CDE-0246F749B43D</generatorID>
<ownerDesignName>ModeloLogicoComp</ownerDesignName>
<useDomainConstraints>false</useDomainConstraints>
<use>1</use>
<logicalDatatype>LOGDT037</logicalDatatype>
<dataTypeSize>65 CHAR</dataTypeSize>
<ownDataTypeParameters>65 CHAR,,</ownDataTypeParameters>
<autoIncrementCycle>false</autoIncrementCycle>
</Column>
<Column name="Cantidad" id="5FD50D32-8993-07C6-4520-940E9F30A27D">
<createdBy>Ambiente</createdBy>
<createdTime>2023-03-16 22:27:25 UTC</createdTime>
<comment><![CDATA[Cantidad que posee el producto ]]></comment>
<commentInRDBMS><![CDATA[Cantidad que posee el producto]]></commentInRDBMS>
<generatorID>1B184217-E5EB-3F05-D3C5-C401DF597AA0</generatorID>
<ownerDesignName>ModeloLogicoComp</ownerDesignName>
<useDomainConstraints>false</useDomainConstraints>
<use>1</use>
<logicalDatatype>LOGDT037</logicalDatatype>
<dataTypeSize>65 CHAR</dataTypeSize>
<ownDataTypeParameters>65 CHAR,,</ownDataTypeParameters>
<autoIncrementCycle>false</autoIncrementCycle>
</Column>
<Column name="Precio" id="8BA437DC-2304-04A6-E16A-5BF4255F9C1D">
<createdBy>Ambiente</createdBy>
<createdTime>2023-03-16 22:27:25 UTC</createdTime>
<comment><![CDATA[Precio del producto]]></comment>
<commentInRDBMS><![CDATA[Precio del producto ]]></commentInRDBMS>
<generatorID>B8E6966E-D4B1-5D9B-38DE-D8107B8F9C0A</generatorID>
<ownerDesignName>ModeloLogicoComp</ownerDesignName>
<useDomainConstraints>false</useDomainConstraints>
<use>1</use>
<logicalDatatype>LOGDT037</logicalDatatype>
<dataTypeSize>65 CHAR</dataTypeSize>
<ownDataTypeParameters>65 CHAR,,</ownDataTypeParameters>
<autoIncrementCycle>false</autoIncrementCycle>
</Column>
<Column name="Estado" id="B06FCFCD-446F-FC01-3C64-79B03778784B">
<createdBy>Ambiente</createdBy>
<createdTime>2023-03-16 22:27:25 UTC</createdTime>
<comment><![CDATA[Estado del producto (1=Activo, 0=Inactivo)]]></comment>
<commentInRDBMS><![CDATA[Estado del producto (1=Activo, 0=Inactivo)]]></commentInRDBMS>
<generatorID>F61CA1F3-AF0E-F381-AD0F-44B70F976BA0</generatorID>
<ownerDesignName>ModeloLogicoComp</ownerDesignName>
<useDomainConstraints>false</useDomainConstraints>
<use>1</use>
<logicalDatatype>LOGDT037</logicalDatatype>
<dataTypeSize>65 CHAR</dataTypeSize>
<ownDataTypeParameters>65 CHAR,,</ownDataTypeParameters>
<autoIncrementCycle>false</autoIncrementCycle>
</Column>
<Column name="Lugar" id="2E94B268-821A-9425-D09B-6F377421AC5A">
<createdBy>Ambiente</createdBy>
<createdTime>2023-03-16 22:27:25 UTC</createdTime>
<comment><![CDATA[Lugar en el que se encuentra el producto ]]></comment>
<commentInRDBMS><![CDATA[Lugar en el que se encuentra el producto ]]></commentInRDBMS>
<generatorID>1E4C3048-796A-9AA3-A03C-7471F7670B4A</generatorID>
<ownerDesignName>ModeloLogicoComp</ownerDesignName>
<useDomainConstraints>false</useDomainConstraints>
<use>1</use>
<logicalDatatype>LOGDT037</logicalDatatype>
<dataTypeSize>65 CHAR</dataTypeSize>
<ownDataTypeParameters>65 CHAR,,</ownDataTypeParameters>
<autoIncrementCycle>false</autoIncrementCycle>
</Column>
<Column name="Categoria_ID_Categoria" id="F599B69A-D0B2-136D-7108-5CDE9257FE8F">
<createdBy>Ambiente</createdBy>
<createdTime>2023-03-16 22:27:25 UTC</createdTime>
<generatorID>4B668885-9EB0-B340-F5AB-C7DA05675B05</generatorID>
<ownerDesignName>ModeloLogicoComp</ownerDesignName>
<useDomainConstraints>false</useDomainConstraints>
<use>1</use>
<logicalDatatype>LOGDT037</logicalDatatype>
<dataTypeSize>65 CHAR</dataTypeSize>
<ownDataTypeParameters>65 CHAR,,</ownDataTypeParameters>
<previousColumn>false</previousColumn>
<autoIncrementCycle>false</autoIncrementCycle>
<associations>
<colAssociation fkAssociation="03F3BFBE-6883-B14F-0188-1C468E438DEC" referredColumn="78433939-E09D-13A7-CBAE-2F1D388BBC21"/>
</associations>
</Column>
<Column name="Precios_ID_Producto" id="07234A46-2B39-F647-989D-8D02C0E6FA24">
<createdBy>Ambiente</createdBy>
<createdTime>2023-03-16 22:27:25 UTC</createdTime>
<generatorID>5701C8CB-4F57-1BB3-9A67-224B84987D5B</generatorID>
<ownerDesignName>ModeloLogicoComp</ownerDesignName>
<useDomainConstraints>false</useDomainConstraints>
<use>1</use>
<logicalDatatype>LOGDT037</logicalDatatype>
<dataTypeSize>65 CHAR</dataTypeSize>
<ownDataTypeParameters>65 CHAR,,</ownDataTypeParameters>
<previousColumn>false</previousColumn>
<autoIncrementCycle>false</autoIncrementCycle>
<associations>
<colAssociation fkAssociation="1F998EF8-6FC2-76DC-67E6-1E064BDE48F6" referredColumn="EFF481B0-77B3-640F-9879-52BDC925690C"/>
</associations>
</Column>
<Column name="Preciosv1_ID_precio" id="F2AF0968-1744-EF46-68C2-24F4AEAD38FC">
<createdBy>Valeria</createdBy>
<createdTime>2023-04-12 04:06:05 UTC</createdTime>
<generatorID>FB60E95C-E29A-F427-9500-9D35BD4EA76B</generatorID>
<ownerDesignName>ModeloLogicoComp</ownerDesignName>
<useDomainConstraints>false</useDomainConstraints>
<use>1</use>
<logicalDatatype>LOGDT011</logicalDatatype>
<ownDataTypeParameters>,,</ownDataTypeParameters>
<previousColumn>false</previousColumn>
<autoIncrementCycle>false</autoIncrementCycle>
<associations>
<colAssociation fkAssociation="4E646960-FA31-370B-971B-2C14B61865E5" referredColumn="C6BA9B42-9F16-9041-F174-731A184A203A"/>
</associations>
</Column>
</columns>
<indexes itemClass="oracle.dbtools.crest.model.design.relational.Index">
<ind_PK_UK id="9F8E9E23-9675-3162-0DE9-C6ABB0F6338B" name="Productos_PK">
<createdBy>Ambiente</createdBy>
<createdTime>2023-03-16 22:27:25 UTC</createdTime>
<generatorID>099B7DDF-0FDE-97D9-AAE8-AF856F33A1E2</generatorID>
<ownerDesignName>ModeloLogicoComp</ownerDesignName>
<pk>true</pk>
<indexState>Primary Constraint</indexState>
<isSurrogateKey>false</isSurrogateKey>
<indexColumnUsage>
<colUsage columnID="110FC97A-E40D-32E9-3185-B6FD67DDB383"/>
</indexColumnUsage>
</ind_PK_UK>
<ind_PK_UK id="9D604D62-3FBA-AD86-A2AD-B19CAD5FE50B" name="Productos__IDX">
<createdBy>Ambiente</createdBy>
<createdTime>2023-03-30 22:06:17 UTC</createdTime>
<ownerDesignName>ModeloLogicoComp</ownerDesignName>
<indexState>Unique Plain Index</indexState>
<isSurrogateKey>false</isSurrogateKey>
<relationGeneratorID>B66257CB-690F-70AF-D401-8E165679A791</relationGeneratorID>
<indexColumnUsage>
<colUsage columnID="F599B69A-D0B2-136D-7108-5CDE9257FE8F"/>
</indexColumnUsage>
</ind_PK_UK>
<ind_PK_UK id="6098A8F1-4D57-A72A-0734-F1424753BE57" name="Productos_Categoria_FK">
<createdBy>Ambiente</createdBy>
<createdTime>2023-03-16 22:27:25 UTC</createdTime>
<generatorID>B66257CB-690F-70AF-D401-8E165679A791</generatorID>
<ownerDesignName>ModeloLogicoComp</ownerDesignName>
<indexState>Foreign Key</indexState>
<isSurrogateKey>false</isSurrogateKey>
<indexColumnUsage>
<colUsage columnID="F599B69A-D0B2-136D-7108-5CDE9257FE8F"/>
</indexColumnUsage>
</ind_PK_UK>
<ind_PK_UK id="87E8C9F6-BFB3-6DC3-4927-A76F0777C5EB" name="Productos_Precios_FK">
<createdBy>Ambiente</createdBy>
<createdTime>2023-03-16 22:27:25 UTC</createdTime>
<generatorID>CBEF280E-1B24-4216-8065-D501606345C7</generatorID>
<ownerDesignName>ModeloLogicoComp</ownerDesignName>
<indexState>Foreign Key</indexState>
<isSurrogateKey>false</isSurrogateKey>
<indexColumnUsage>
<colUsage columnID="07234A46-2B39-F647-989D-8D02C0E6FA24"/>
</indexColumnUsage>
</ind_PK_UK>
<ind_PK_UK id="A5ADE40F-D6E9-2799-A396-7A10D71519CD" name="Productos_Preciosv1_FK">
<createdBy>FABIAN DIAZ</createdBy>
<createdTime>2023-05-07 02:06:15 UTC</createdTime>
<generatorID>08F38665-C3A2-29FD-2916-A7023900AA1B</generatorID>
<ownerDesignName>ModeloLogicoComp</ownerDesignName>
<indexState>Foreign Key</indexState>
<isSurrogateKey>false</isSurrogateKey>
<indexColumnUsage>
<colUsage columnID="F2AF0968-1744-EF46-68C2-24F4AEAD38FC"/>
</indexColumnUsage>
</ind_PK_UK>
</indexes>
</Table>