<?xml version = '1.0' encoding = 'UTF-8'?>
<Diagram class="oracle.dbtools.crest.swingui.logical.DPVLogical" name="Logical" id="DE5C5292-DE85-B152-8804-281247BAC202">
<createdBy>Ambiente</createdBy>
<modifiedBy>Ambiente</modifiedBy>
<createdTime>2023-03-16 21:46:38 UTC</createdTime>
<autoRoute>false</autoRoute>
<boxInbox>true</boxInbox>
<showLegend>true</showLegend>
<showLabels>true</showLabels>
<showRelAttributes>true</showRelAttributes>
<gridEnabled>false</gridEnabled>
<showGrid>false</showGrid>
<diagramColor>-1</diagramColor>
<display>false</display>
<notation>1</notation>
<showComments>true</showComments>
<showClassificationTypes>true</showClassificationTypes>
<objectViews>
<OView class="oracle.dbtools.crest.swingui.logical.TVEntity" oid="1089024A-4A63-54C1-6A9D-AD8DA2B57BC0" otype="Entity" vid="7BF02566-A10C-1411-2C47-6EC30F5FAA67">
<hideElementsInCurrentOnly>false</hideElementsInCurrentOnly>
<bounds x="538" y="355" width="352" height="148"/>
</OView>
<OView class="oracle.dbtools.crest.swingui.logical.TVEntity" oid="3D43A469-E083-B504-2676-9815C334BC64" otype="Entity" vid="A824FAF4-D49A-8B0A-5E3A-E52D7A604468">
<hideElementsInCurrentOnly>false</hideElementsInCurrentOnly>
<bounds x="264" y="0" width="264" height="198"/>
</OView>
<OView class="oracle.dbtools.crest.swingui.TVLegend" oid="4CA83A5A-33B9-5263-7FB8-FFBF1592273A" otype="Legend" vid="63F8F886-4666-48AC-DC36-789CB0A57494">
<hideElementsInCurrentOnly>false</hideElementsInCurrentOnly>
<bounds x="10" y="10" width="232" height="135"/>
</OView>
<OView class="oracle.dbtools.crest.swingui.logical.TVEntity" oid="515D8128-9AA6-3BD9-2CE7-B537A9721BE7" otype="Entity" vid="02D3B8B5-060C-8D24-B7EC-DCF964F8E3E2">
<hideElementsInCurrentOnly>false</hideElementsInCurrentOnly>
<bounds x="120" y="757" width="388" height="143"/>
</OView>
<OView class="oracle.dbtools.crest.swingui.logical.TVEntity" oid="748DE886-6984-0D5E-3147-0D6A7E878BF1" otype="Entity" vid="BEE49B6A-4014-1CA2-D077-FBF97476260C">
<hideElementsInCurrentOnly>false</hideElementsInCurrentOnly>
<bounds x="1295" y="70" width="303" height="199"/>
</OView>
<OView class="oracle.dbtools.crest.swingui.logical.TVEntity" oid="91F879DC-E352-274F-A949-20962694735C" otype="Entity" vid="79D7C7A7-29EE-A991-BF68-D8F1EBE14EC3">
<hideElementsInCurrentOnly>false</hideElementsInCurrentOnly>
<bounds x="644" y="46" width="313" height="212"/>
</OView>
<OView class="oracle.dbtools.crest.swingui.logical.TVEntity" oid="B08DAC93-1042-0AB2-79E3-9354FAE81F73" otype="Entity" vid="E6EA2ED1-E21C-E564-115B-2C609B1A9A5C">
<hideElementsInCurrentOnly>false</hideElementsInCurrentOnly>
<bounds x="588" y="722" width="265" height="87"/>
</OView>
<OView class="oracle.dbtools.crest.swingui.logical.TVEntity" oid="B2EB7C1C-A9A4-2BF1-A1C1-B71F8543A098" otype="Entity" vid="D9CB1714-CDE8-8B9B-50FE-5E619443F6BF">
<hideElementsInCurrentOnly>false</hideElementsInCurrentOnly>
<bounds x="1409" y="397" width="220" height="140"/>
</OView>
<OView class="oracle.dbtools.crest.swingui.logical.TVEntity" oid="BBD71863-7EC1-A0F9-25B7-F29FC5507D08" otype="Entity" vid="758D665D-1D63-FFE4-6800-D8C01062F5AB">
<hideElementsInCurrentOnly>false</hideElementsInCurrentOnly>
<bounds x="218" y="278" width="260" height="122"/>
</OView>
<OView class="oracle.dbtools.crest.swingui.logical.TVEntity" oid="BD4C6627-5C44-902B-480A-582D5A355964" otype="Entity" vid="FC596C34-82A7-6FAC-26DF-40D83824CD5B">
<hideElementsInCurrentOnly>false</hideElementsInCurrentOnly>
<bounds x="1720" y="214" width="177" height="69"/>
</OView>
<OView class="oracle.dbtools.crest.swingui.logical.TVEntity" oid="BDD92DB1-54C7-C4D0-BB2C-223B9902C85C" otype="Entity" vid="E7287BBF-0981-80D4-7D66-2785ED7BE76E">
<hideElementsInCurrentOnly>false</hideElementsInCurrentOnly>
<bounds x="140" y="529" width="291" height="150"/>
</OView>
<OView class="oracle.dbtools.crest.swingui.logical.TVEntity" oid="C013F837-20A2-D429-62F9-3BF9E756FF2E" otype="Entity" vid="09392352-2B79-62EE-3B1B-892D5E632665">
<hideElementsInCurrentOnly>false</hideElementsInCurrentOnly>
<bounds x="916" y="645" width="494" height="188"/>
</OView>
<OView class="oracle.dbtools.crest.swingui.logical.TVEntity" oid="C910CB5F-265E-88A1-5DD0-157ECABF4004" otype="Entity" vid="38576193-B376-0EB7-6C15-6598A04E8C56">
<hideElementsInCurrentOnly>false</hideElementsInCurrentOnly>
<bounds x="1036" y="396" width="219" height="154"/>
</OView>
<OView class="oracle.dbtools.crest.swingui.logical.TVEntity" oid="D1CD35A8-5B7F-B68F-454A-FD46BC11BF9B" otype="Entity" vid="D05F35F4-125F-FB37-BB47-DD2D5321ECDD">
<hideElementsInCurrentOnly>false</hideElementsInCurrentOnly>
<bounds x="1680" y="657" width="296" height="80"/>
</OView>
<OView class="oracle.dbtools.crest.swingui.logical.TVEntity" oid="EDB7B80C-4422-E7C4-EB44-209F2FB4B00E" otype="Entity" vid="F44D5CBF-D9EE-DDEB-26B5-A0A4580E7345">
<hideElementsInCurrentOnly>false</hideElementsInCurrentOnly>
<bounds x="1724" y="410" width="287" height="143"/>
</OView>
</objectViews>
<connectors>
<Connector class="oracle.dbtools.crest.swingui.logical.TVRelation" oid="08F38665-C3A2-29FD-2916-A7023900AA1B" otype="Relation" vid_source="02D3B8B5-060C-8D24-B7EC-DCF964F8E3E2" vid_target="7BF02566-A10C-1411-2C47-6EC30F5FAA67">
<hideElementsInCurrentOnly>false</hideElementsInCurrentOnly>
<backgroundColor>-16777216</backgroundColor>
<lineWidth>1</lineWidth>
<sourceLabel class="oracle.dbtools.crest.model.design.Label">
<site>0</site>
<labelBounds x="385" y="721" width="39" height="30"/>
<noBackgroundColor>true</noBackgroundColor>
<noForegroundColor>true</noForegroundColor>
</sourceLabel>
<targetLabel class="oracle.dbtools.crest.model.design.Label">
<site>2</site>
<labelBounds x="639" y="539" width="61" height="30"/>
<noBackgroundColor>true</noBackgroundColor>
<noForegroundColor>true</noForegroundColor>
</targetLabel>
<points>
<point x="385" y="757"/>
<point x="639" y="503"/>
</points>
</Connector>
<Connector class="oracle.dbtools.crest.swingui.logical.TVRelation" oid="22D24A72-CBB5-374E-B559-1793AF9B9C10" otype="Relation" vid_source="79D7C7A7-29EE-A991-BF68-D8F1EBE14EC3" vid_target="BEE49B6A-4014-1CA2-D077-FBF97476260C">
<hideElementsInCurrentOnly>false</hideElementsInCurrentOnly>
<backgroundColor>-16777216</backgroundColor>
<lineWidth>1</lineWidth>
<sourceLabel class="oracle.dbtools.crest.model.design.Label">
<site>0</site>
<labelBounds x="967" y="164" width="54" height="30"/>
<noBackgroundColor>true</noBackgroundColor>
<noForegroundColor>true</noForegroundColor>
</sourceLabel>
<targetLabel class="oracle.dbtools.crest.model.design.Label">
<site>2</site>
<labelBounds x="1232" y="197" width="57" height="30"/>
<noBackgroundColor>true</noBackgroundColor>
<noForegroundColor>true</noForegroundColor>
</targetLabel>
<points>
<point x="957" y="194"/>
<point x="1295" y="194"/>
</points>
</Connector>
<Connector class="oracle.dbtools.crest.swingui.logical.TVRelation" oid="2D4E2708-ED40-36E3-AF28-47765C35DF32" otype="Relation" vid_source="A824FAF4-D49A-8B0A-5E3A-E52D7A604468" vid_target="758D665D-1D63-FFE4-6800-D8C01062F5AB">
<hideElementsInCurrentOnly>false</hideElementsInCurrentOnly>
<backgroundColor>-16777216</backgroundColor>
<lineWidth>1</lineWidth>
<sourceLabel class="oracle.dbtools.crest.model.design.Label">
<site>0</site>
<labelBounds x="386" y="242" width="57" height="30"/>
<noBackgroundColor>true</noBackgroundColor>
<noForegroundColor>true</noForegroundColor>
</sourceLabel>
<targetLabel class="oracle.dbtools.crest.model.design.Label">
<site>2</site>
<labelBounds x="386" y="218" width="63" height="30"/>
<noBackgroundColor>true</noBackgroundColor>
<noForegroundColor>true</noForegroundColor>
</targetLabel>
<points>
<point x="386" y="198"/>
<point x="386" y="278"/>
</points>
</Connector>
<Connector class="oracle.dbtools.crest.swingui.logical.TVRelation" oid="3924174F-4314-3AD2-F260-BE7F3BE4EFBD" otype="Relation" vid_source="7BF02566-A10C-1411-2C47-6EC30F5FAA67" vid_target="09392352-2B79-62EE-3B1B-892D5E632665">
<hideElementsInCurrentOnly>false</hideElementsInCurrentOnly>
<backgroundColor>-16777216</backgroundColor>
<lineWidth>1</lineWidth>
<sourceLabel class="oracle.dbtools.crest.model.design.Label">
<site>0</site>
<labelBounds x="821" y="539" width="39" height="30"/>
<noBackgroundColor>true</noBackgroundColor>
<noForegroundColor>true</noForegroundColor>
</sourceLabel>
<targetLabel class="oracle.dbtools.crest.model.design.Label">
<site>2</site>
<labelBounds x="1041" y="609" width="57" height="30"/>
<noBackgroundColor>true</noBackgroundColor>
<noForegroundColor>true</noForegroundColor>
</targetLabel>
<points>
<point x="821" y="503"/>
<point x="1041" y="645"/>
</points>
</Connector>
<Connector class="oracle.dbtools.crest.swingui.logical.TVRelation" oid="53FDE5DA-D2A2-D33B-B926-2AD3BC5EBFA3" otype="Relation" vid_source="7BF02566-A10C-1411-2C47-6EC30F5FAA67" vid_target="E7287BBF-0981-80D4-7D66-2785ED7BE76E">
<hideElementsInCurrentOnly>false</hideElementsInCurrentOnly>
<backgroundColor>-16777216</backgroundColor>
<lineWidth>1</lineWidth>
<sourceLabel class="oracle.dbtools.crest.model.design.Label">
<site>0</site>
<labelBounds x="475" y="500" width="57" height="30"/>
<noBackgroundColor>true</noBackgroundColor>
<noForegroundColor>true</noForegroundColor>
</sourceLabel>
<targetLabel class="oracle.dbtools.crest.model.design.Label">
<site>2</site>
<labelBounds x="441" y="544" width="78" height="30"/>
<noBackgroundColor>true</noBackgroundColor>
<noForegroundColor>true</noForegroundColor>
</targetLabel>
<points>
<point x="538" y="500"/>
<point x="431" y="544"/>
</points>
</Connector>
<Connector class="oracle.dbtools.crest.swingui.logical.TVRelation" oid="61B62803-0413-4681-41E0-385639A88F73" otype="Relation" vid_source="D05F35F4-125F-FB37-BB47-DD2D5321ECDD" vid_target="F44D5CBF-D9EE-DDEB-26B5-A0A4580E7345">
<hideElementsInCurrentOnly>false</hideElementsInCurrentOnly>
<backgroundColor>-16777216</backgroundColor>
<lineWidth>1</lineWidth>
<sourceLabel class="oracle.dbtools.crest.model.design.Label">
<site>0</site>
<labelBounds x="1850" y="613" width="57" height="30"/>
<noBackgroundColor>true</noBackgroundColor>
<noForegroundColor>true</noForegroundColor>
</sourceLabel>
<targetLabel class="oracle.dbtools.crest.model.design.Label">
<site>2</site>
<labelBounds x="1850" y="621" width="39" height="30"/>
<noBackgroundColor>true</noBackgroundColor>
<noForegroundColor>true</noForegroundColor>
</targetLabel>
<points>
<point x="1850" y="657"/>
<point x="1850" y="553"/>
</points>
</Connector>
<Connector class="oracle.dbtools.crest.swingui.logical.TVRelation" oid="7D31C071-9A57-E836-EFA0-FEAE4D78802E" otype="Relation" vid_source="BEE49B6A-4014-1CA2-D077-FBF97476260C" vid_target="D9CB1714-CDE8-8B9B-50FE-5E619443F6BF">
<hideElementsInCurrentOnly>false</hideElementsInCurrentOnly>
<backgroundColor>-16777216</backgroundColor>
<lineWidth>1</lineWidth>
<sourceLabel class="oracle.dbtools.crest.model.design.Label">
<site>0</site>
<labelBounds x="1518" y="321" width="54" height="30"/>
<noBackgroundColor>true</noBackgroundColor>
<noForegroundColor>true</noForegroundColor>
</sourceLabel>
<targetLabel class="oracle.dbtools.crest.model.design.Label">
<site>2</site>
<labelBounds x="1518" y="337" width="49" height="30"/>
<noBackgroundColor>true</noBackgroundColor>
<noForegroundColor>true</noForegroundColor>
</targetLabel>
<points>
<point x="1518" y="269"/>
<point x="1518" y="397"/>
</points>
</Connector>
<Connector class="oracle.dbtools.crest.swingui.logical.TVRelation" oid="7ECC361E-18AB-7580-6775-99479D41CEBB" otype="Relation" vid_source="F44D5CBF-D9EE-DDEB-26B5-A0A4580E7345" vid_target="D9CB1714-CDE8-8B9B-50FE-5E619443F6BF">
<hideElementsInCurrentOnly>false</hideElementsInCurrentOnly>
<backgroundColor>-16777216</backgroundColor>
<lineWidth>1</lineWidth>
<sourceLabel class="oracle.dbtools.crest.model.design.Label">
<site>0</site>
<labelBounds x="1661" y="443" width="57" height="30"/>
<noBackgroundColor>true</noBackgroundColor>
<noForegroundColor>true</noForegroundColor>
</sourceLabel>
<targetLabel class="oracle.dbtools.crest.model.design.Label">
<site>2</site>
<labelBounds x="1639" y="476" width="42" height="30"/>
<noBackgroundColor>true</noBackgroundColor>
<noForegroundColor>true</noForegroundColor>
</targetLabel>
<points>
<point x="1724" y="473"/>
<point x="1629" y="473"/>
</points>
</Connector>
<Connector class="oracle.dbtools.crest.swingui.logical.TVRelation" oid="900F97F3-7799-73B9-31B7-D9B77EB04C19" otype="Relation" vid_source="FC596C34-82A7-6FAC-26DF-40D83824CD5B" vid_target="F44D5CBF-D9EE-DDEB-26B5-A0A4580E7345">
<hideElementsInCurrentOnly>false</hideElementsInCurrentOnly>
<backgroundColor>-16777216</backgroundColor>
<lineWidth>1</lineWidth>
<sourceLabel class="oracle.dbtools.crest.model.design.Label">
<site>0</site>
<labelBounds x="1825" y="327" width="39" height="30"/>
<noBackgroundColor>true</noBackgroundColor>
<noForegroundColor>true</noForegroundColor>
</sourceLabel>
<targetLabel class="oracle.dbtools.crest.model.design.Label">
<site>2</site>
<labelBounds x="1825" y="334" width="57" height="30"/>
<noBackgroundColor>true</noBackgroundColor>
<noForegroundColor>true</noForegroundColor>
</targetLabel>
<points>
<point x="1825" y="283"/>
<point x="1825" y="410"/>
</points>
</Connector>
<Connector class="oracle.dbtools.crest.swingui.logical.TVRelation" oid="9D3CAE58-D7ED-AFB6-D6CA-21D6BB24A6E9" otype="Relation" vid_source="D9CB1714-CDE8-8B9B-50FE-5E619443F6BF" vid_target="38576193-B376-0EB7-6C15-6598A04E8C56">
<hideElementsInCurrentOnly>false</hideElementsInCurrentOnly>
<backgroundColor>-16777216</backgroundColor>
<lineWidth>1</lineWidth>
<sourceLabel class="oracle.dbtools.crest.model.design.Label">
<site>0</site>
<labelBounds x="1364" y="437" width="39" height="30"/>
<noBackgroundColor>true</noBackgroundColor>
<noForegroundColor>true</noForegroundColor>
</sourceLabel>
<targetLabel class="oracle.dbtools.crest.model.design.Label">
<site>2</site>
<labelBounds x="1265" y="470" width="39" height="32"/>
<noBackgroundColor>true</noBackgroundColor>
<noForegroundColor>true</noForegroundColor>
</targetLabel>
<points>
<point x="1409" y="467"/>
<point x="1255" y="467"/>
</points>
</Connector>
<Connector class="oracle.dbtools.crest.swingui.logical.TVRelation" oid="B66257CB-690F-70AF-D401-8E165679A791" otype="Relation" vid_source="E6EA2ED1-E21C-E564-115B-2C609B1A9A5C" vid_target="7BF02566-A10C-1411-2C47-6EC30F5FAA67">
<hideElementsInCurrentOnly>false</hideElementsInCurrentOnly>
<backgroundColor>-16777216</backgroundColor>
<lineWidth>1</lineWidth>
<sourceLabel class="oracle.dbtools.crest.model.design.Label">
<site>0</site>
<labelBounds x="735" y="678" width="39" height="30"/>
<noBackgroundColor>true</noBackgroundColor>
<noForegroundColor>true</noForegroundColor>
</sourceLabel>
<targetLabel class="oracle.dbtools.crest.model.design.Label">
<site>2</site>
<labelBounds x="735" y="587" width="39" height="30"/>
<noBackgroundColor>true</noBackgroundColor>
<noForegroundColor>true</noForegroundColor>
</targetLabel>
<points>
<point x="735" y="722"/>
<point x="735" y="503"/>
</points>
</Connector>
<Connector class="oracle.dbtools.crest.swingui.logical.TVRelation" oid="BC31B164-03D6-2BFD-AE1D-36CC531EB606" otype="Relation" vid_source="7BF02566-A10C-1411-2C47-6EC30F5FAA67" vid_target="38576193-B376-0EB7-6C15-6598A04E8C56">
<hideElementsInCurrentOnly>false</hideElementsInCurrentOnly>
<backgroundColor>-16777216</backgroundColor>
<lineWidth>1</lineWidth>
<sourceLabel class="oracle.dbtools.crest.model.design.Label">
<site>0</site>
<labelBounds x="900" y="434" width="46" height="30"/>
<noBackgroundColor>true</noBackgroundColor>
<noForegroundColor>true</noForegroundColor>
</sourceLabel>
<targetLabel class="oracle.dbtools.crest.model.design.Label">
<site>2</site>
<labelBounds x="973" y="467" width="57" height="30"/>
<noBackgroundColor>true</noBackgroundColor>
<noForegroundColor>true</noForegroundColor>
</targetLabel>
<points>
<point x="890" y="464"/>
<point x="1036" y="464"/>
</points>
</Connector>
<Connector class="oracle.dbtools.crest.swingui.logical.TVRelation" oid="D7335407-77FF-844F-852C-B3A97B6282BA" otype="Relation" vid_source="758D665D-1D63-FFE4-6800-D8C01062F5AB" vid_target="E7287BBF-0981-80D4-7D66-2785ED7BE76E">
<hideElementsInCurrentOnly>false</hideElementsInCurrentOnly>
<backgroundColor>-16777216</backgroundColor>
<lineWidth>1</lineWidth>
<sourceLabel class="oracle.dbtools.crest.model.design.Label">
<site>0</site>
<labelBounds x="339" y="452" width="58" height="30"/>
<noBackgroundColor>true</noBackgroundColor>
<noForegroundColor>true</noForegroundColor>
</sourceLabel>
<targetLabel class="oracle.dbtools.crest.model.design.Label">
<site>2</site>
<labelBounds x="339" y="477" width="57" height="30"/>
<noBackgroundColor>true</noBackgroundColor>
<noForegroundColor>true</noForegroundColor>
</targetLabel>
<points>
<point x="339" y="400"/>
<point x="339" y="529"/>
</points>
</Connector>
</connectors>
</Diagram>