<?xml version = '1.0' encoding = 'UTF-8'?>
<FKIndexAssociation class="oracle.dbtools.crest.model.design.relational.FKIndexAssociation" directorySegmentName="seg_0" id="03F3BFBE-6883-B14F-0188-1C468E438DEC" containerWithKeyObject="D8B6E558-64F3-705C-CE0A-BC224F51A97E" localFKIndex="6098A8F1-4D57-A72A-0734-F1424753BE57" name="Productos_Categoria_FK">
<createdBy>Ambiente</createdBy>
<createdTime>2023-03-16 22:27:25 UTC</createdTime>
<generatorID>B66257CB-690F-70AF-D401-8E165679A791</generatorID>
<ownerDesignName>ProyectoAdsoSena</ownerDesignName>
<referredTableLongName>Categoria</referredTableLongName>
<deleteRule>NO ACTION</deleteRule>
<referredTableID>0FCADB80-500A-DFC4-DF89-8628B1D767EA</referredTableID>
<keyObject>BC60399E-007A-BDCD-21BC-75C0EEBFD21E</keyObject>
<referredKeyID>BC60399E-007A-BDCD-21BC-75C0EEBFD21E</referredKeyID>
<mandatory>true</mandatory>
<refColNames>ID_Categoria</refColNames>
<transferable>true</transferable>
<rely>false</rely>
<columnDependencyConstraintGenerateInDDL>true</columnDependencyConstraintGenerateInDDL>
</FKIndexAssociation>