<?xml version = '1.0' encoding = 'UTF-8'?>
<FKIndexAssociation class="oracle.dbtools.crest.model.design.relational.FKIndexAssociation" directorySegmentName="seg_0" id="081F327F-45B5-D161-9B09-51C9B63C57D1" containerWithKeyObject="70E9B74C-0F4D-5B17-3E9D-B4D07D9599A3" localFKIndex="98D1ED52-D4D8-BF9A-306D-3231B06F6796" name="Factura_Metodo_Pago_FK">
<createdBy>Ambiente</createdBy>
<createdTime>2023-03-16 22:27:25 UTC</createdTime>
<generatorID>7ECC361E-18AB-7580-6775-99479D41CEBB</generatorID>
<ownerDesignName>ProyectoAdsoSena</ownerDesignName>
<referredTableLongName>Metodo_Pago</referredTableLongName>
<deleteRule>NO ACTION</deleteRule>
<referredTableID>4C2E8C5B-F29A-35BC-760E-732D1AD44E1B</referredTableID>
<keyObject>5C1EB484-42FE-50CF-92F0-37CDD3373C33</keyObject>
<referredKeyID>5C1EB484-42FE-50CF-92F0-37CDD3373C33</referredKeyID>
<mandatory>true</mandatory>
<refColNames>IDMetodoPago,EfectivoValo_Pago,EntidadBancaria_ID_EntidadBancaria</refColNames>
<transferable>true</transferable>
<rely>false</rely>
<columnDependencyConstraintGenerateInDDL>true</columnDependencyConstraintGenerateInDDL>
</FKIndexAssociation>