<?xml version = '1.0' encoding = 'UTF-8'?>
<FKIndexAssociation class="oracle.dbtools.crest.model.design.relational.FKIndexAssociation" directorySegmentName="seg_0" id="1F998EF8-6FC2-76DC-67E6-1E064BDE48F6" containerWithKeyObject="D8B6E558-64F3-705C-CE0A-BC224F51A97E" localFKIndex="87E8C9F6-BFB3-6DC3-4927-A76F0777C5EB" name="Productos_Precios_FK">
<createdBy>Ambiente</createdBy>
<createdTime>2023-03-16 22:27:25 UTC</createdTime>
<generatorID>CBEF280E-1B24-4216-8065-D501606345C7</generatorID>
<ownerDesignName>ProyectoAdsoSena</ownerDesignName>
<referredTableLongName>Precios</referredTableLongName>
<deleteRule>NO ACTION</deleteRule>
<referredTableID>B049AB9D-AC0C-35B4-CE66-FFC95405EA50</referredTableID>
<keyObject>3524D250-2206-D081-F3E3-2F1DE30556F8</keyObject>
<referredKeyID>3524D250-2206-D081-F3E3-2F1DE30556F8</referredKeyID>
<mandatory>true</mandatory>
<refColNames>ID_Producto</refColNames>
<transferable>true</transferable>
<rely>false</rely>
<columnDependencyConstraintGenerateInDDL>true</columnDependencyConstraintGenerateInDDL>
</FKIndexAssociation>