<?xml version = '1.0' encoding = 'UTF-8'?>
<FKIndexAssociation class="oracle.dbtools.crest.model.design.relational.FKIndexAssociation" directorySegmentName="seg_0" id="82F61D55-C0B0-72A0-CC98-04884C8C082A" containerWithKeyObject="70E9B74C-0F4D-5B17-3E9D-B4D07D9599A3" localFKIndex="7EC04F59-3C22-2374-4A64-A1DEA135CD7F" name="Factura_Cliente_FK">
<createdBy>Ambiente</createdBy>
<createdTime>2023-04-11 18:36:20 UTC</createdTime>
<generatorID>7D31C071-9A57-E836-EFA0-FEAE4D78802E</generatorID>
<ownerDesignName>ProyectoAdsoSena</ownerDesignName>
<referredTableLongName>Cliente</referredTableLongName>
<deleteRule>NO ACTION</deleteRule>
<referredTableID>B64C22C5-0B2D-9575-E1C4-46457E472DE9</referredTableID>
<keyObject>12E34D64-A075-8A0B-0A7C-13E5E6CA9DF7</keyObject>
<referredKeyID>12E34D64-A075-8A0B-0A7C-13E5E6CA9DF7</referredKeyID>
<mandatory>true</mandatory>
<refColNames>NumeroDocumento</refColNames>
<transferable>true</transferable>
<rely>false</rely>
<columnDependencyConstraintGenerateInDDL>true</columnDependencyConstraintGenerateInDDL>
</FKIndexAssociation>