<?xml version = '1.0' encoding = 'UTF-8'?>
<FKIndexAssociation class="oracle.dbtools.crest.model.design.relational.FKIndexAssociation" directorySegmentName="seg_0" id="869FF6A9-5793-1765-11B8-E9E4D23E2864" containerWithKeyObject="4C2E8C5B-F29A-35BC-760E-732D1AD44E1B" localFKIndex="8EA9C11C-B0E4-0355-8BEE-7BFFF945A7E9" name="Metodo_Pago_Efectivo_FK">
<createdBy>Ambiente</createdBy>
<createdTime>2023-03-16 22:50:54 UTC</createdTime>
<generatorID>900F97F3-7799-73B9-31B7-D9B77EB04C19</generatorID>
<ownerDesignName>ProyectoAdsoSena</ownerDesignName>
<referredTableLongName>Efectivo</referredTableLongName>
<deleteRule>NO ACTION</deleteRule>
<referredTableID>F490042C-5A8B-65AA-96C2-A153F617814D</referredTableID>
<keyObject>616B5FCA-4F13-7775-4525-E6C7D9BE0303</keyObject>
<referredKeyID>616B5FCA-4F13-7775-4525-E6C7D9BE0303</referredKeyID>
<mandatory>true</mandatory>
<refColNames>ValorPago</refColNames>
<transferable>true</transferable>
<rely>false</rely>
<columnDependencyConstraintGenerateInDDL>true</columnDependencyConstraintGenerateInDDL>
</FKIndexAssociation>