<?xml version = '1.0' encoding = 'UTF-8'?>
<FKIndexAssociation class="oracle.dbtools.crest.model.design.relational.FKIndexAssociation" directorySegmentName="seg_0" id="8D3EB6F1-8D5E-5620-BEB5-AEBA24CBF8E0" containerWithKeyObject="B64C22C5-0B2D-9575-E1C4-46457E472DE9" localFKIndex="2E76A989-B10C-0CE0-31E1-E31D09739DE0" name="Cliente_Usuario_FK">
<createdBy>Ambiente</createdBy>
<createdTime>2023-04-11 18:36:20 UTC</createdTime>
<generatorID>02FB7EE4-57DB-2080-A78B-BC0FD82D3DFD</generatorID>
<ownerDesignName>ProyectoAdsoSena</ownerDesignName>
<referredTableLongName>Usuario</referredTableLongName>
<deleteRule>NO ACTION</deleteRule>
<referredTableID>4C65EE8B-6593-AD43-CBF5-CCF21D00E1A6</referredTableID>
<keyObject>41CAB1E6-6722-3BD2-F677-AD8AA5E53FC6</keyObject>
<referredKeyID>41CAB1E6-6722-3BD2-F677-AD8AA5E53FC6</referredKeyID>
<mandatory>true</mandatory>
<refColNames>Id_Usuario</refColNames>
<transferable>true</transferable>
<rely>false</rely>
<columnDependencyConstraintGenerateInDDL>true</columnDependencyConstraintGenerateInDDL>
</FKIndexAssociation>