<?xml version = '1.0' encoding = 'UTF-8'?>
<FKIndexAssociation class="oracle.dbtools.crest.model.design.relational.FKIndexAssociation" directorySegmentName="seg_0" id="9782F650-2B50-A9D1-A620-03E1B1FE20DD" containerWithKeyObject="6BDF9203-2E6B-F084-BAB1-E02C9D948879" localFKIndex="800C5E27-4BCE-82E9-E311-9981837FF6FB" name="Detalle_factura_Productos_FK">
<createdBy>Ambiente</createdBy>
<createdTime>2023-04-11 18:36:20 UTC</createdTime>
<generatorID>BC31B164-03D6-2BFD-AE1D-36CC531EB606</generatorID>
<ownerDesignName>ProyectoAdsoSena</ownerDesignName>
<referredTableLongName>Productos</referredTableLongName>
<deleteRule>NO ACTION</deleteRule>
<referredTableID>D8B6E558-64F3-705C-CE0A-BC224F51A97E</referredTableID>
<keyObject>9F8E9E23-9675-3162-0DE9-C6ABB0F6338B</keyObject>
<referredKeyID>9F8E9E23-9675-3162-0DE9-C6ABB0F6338B</referredKeyID>
<mandatory>true</mandatory>
<refColNames>ID_Producto1</refColNames>
<transferable>true</transferable>
<rely>false</rely>
<columnDependencyConstraintGenerateInDDL>true</columnDependencyConstraintGenerateInDDL>
</FKIndexAssociation>