<?xml version = '1.0' encoding = 'UTF-8'?>
<FKIndexAssociation class="oracle.dbtools.crest.model.design.relational.FKIndexAssociation" directorySegmentName="seg_0" id="A0E52C1E-5D2E-38D1-56A3-24B1D0354183" containerWithKeyObject="6BDF9203-2E6B-F084-BAB1-E02C9D948879" localFKIndex="B0546593-8D07-00FD-5C6E-B91553AF87CF" name="Detalle_factura_Factura_FK">
<createdBy>Ambiente</createdBy>
<createdTime>2023-04-11 18:36:20 UTC</createdTime>
<generatorID>9D3CAE58-D7ED-AFB6-D6CA-21D6BB24A6E9</generatorID>
<ownerDesignName>ProyectoAdsoSena</ownerDesignName>
<referredTableLongName>Factura</referredTableLongName>
<deleteRule>NO ACTION</deleteRule>
<referredTableID>70E9B74C-0F4D-5B17-3E9D-B4D07D9599A3</referredTableID>
<keyObject>ADA7C800-25C9-C0B1-E850-0DAA68F6C0AE</keyObject>
<referredKeyID>ADA7C800-25C9-C0B1-E850-0DAA68F6C0AE</referredKeyID>
<mandatory>true</mandatory>
<refColNames>ID_Factura,Metodo_Pago_IDMetodoPago,Metodo_Pago_Efectivo_Valor_Pago,Metodo_Pago_EntidadBancaria_ID_EntidadBancaria</refColNames>
<transferable>true</transferable>
<rely>false</rely>
<columnDependencyConstraintGenerateInDDL>true</columnDependencyConstraintGenerateInDDL>
</FKIndexAssociation>