<?xml version = '1.0' encoding = 'UTF-8'?>
<FKIndexAssociation class="oracle.dbtools.crest.model.design.relational.FKIndexAssociation" directorySegmentName="seg_0" id="A98F19BC-B8B2-BFA3-D497-C0E332FBC3EB" containerWithKeyObject="93DB9EB9-8364-915D-66D4-F32C1660712D" localFKIndex="7ED55A3E-E1B5-5D14-417A-F91F09C6AEBF" name="Factura_proveedor_Proveedor_FK">
<createdBy>Ambiente</createdBy>
<createdTime>2023-04-11 18:36:20 UTC</createdTime>
<generatorID>2D4E2708-ED40-36E3-AF28-47765C35DF32</generatorID>
<ownerDesignName>ProyectoAdsoSena</ownerDesignName>
<referredTableLongName>Proveedor</referredTableLongName>
<deleteRule>NO ACTION</deleteRule>
<referredTableID>313DD604-FE4E-A7B1-E24B-CE481189E31E</referredTableID>
<keyObject>60E12BF3-821F-2D5D-B1C1-548317192293</keyObject>
<referredKeyID>60E12BF3-821F-2D5D-B1C1-548317192293</referredKeyID>
<mandatory>true</mandatory>
<refColNames>ID_Proveedor</refColNames>
<transferable>true</transferable>
<rely>false</rely>
<columnDependencyConstraintGenerateInDDL>true</columnDependencyConstraintGenerateInDDL>
</FKIndexAssociation>