<?xml version = '1.0' encoding = 'UTF-8'?>
<FKIndexAssociation class="oracle.dbtools.crest.model.design.relational.FKIndexAssociation" directorySegmentName="seg_0" id="B394E3B3-B38F-DE1E-2EC6-C0F9ED449329" containerWithKeyObject="A7F2460A-DB33-D568-E5DD-77B7CE5DABB3" localFKIndex="0B831EF9-6197-FBE5-B2BA-5169C207F842" name="Detalle_facturav1_Productos_FK">
<createdBy>Ambiente</createdBy>
<createdTime>2023-04-11 18:36:20 UTC</createdTime>
<generatorID>53FDE5DA-D2A2-D33B-B926-2AD3BC5EBFA3</generatorID>
<ownerDesignName>ProyectoAdsoSena</ownerDesignName>
<referredTableLongName>Productos</referredTableLongName>
<deleteRule>NO ACTION</deleteRule>
<referredTableID>D8B6E558-64F3-705C-CE0A-BC224F51A97E</referredTableID>
<keyObject>9F8E9E23-9675-3162-0DE9-C6ABB0F6338B</keyObject>
<referredKeyID>9F8E9E23-9675-3162-0DE9-C6ABB0F6338B</referredKeyID>
<mandatory>true</mandatory>
<refColNames>ID_Producto1</refColNames>
<transferable>true</transferable>
<rely>false</rely>
<columnDependencyConstraintGenerateInDDL>true</columnDependencyConstraintGenerateInDDL>
</FKIndexAssociation>