<?xml version = '1.0' encoding = 'UTF-8'?>
<FKIndexAssociation class="oracle.dbtools.crest.model.design.relational.FKIndexAssociation" directorySegmentName="seg_0" id="BD8DACEA-4448-ACB8-7E51-2A3669ADA81F" containerWithKeyObject="A7F2460A-DB33-D568-E5DD-77B7CE5DABB3" localFKIndex="17D7E110-7A62-44A2-0FDE-1214E41306DA" name="Detalle_facturav1_Factura_proveedor_FK">
<createdBy>Ambiente</createdBy>
<createdTime>2023-04-11 18:36:20 UTC</createdTime>
<generatorID>D7335407-77FF-844F-852C-B3A97B6282BA</generatorID>
<ownerDesignName>ProyectoAdsoSena</ownerDesignName>
<referredTableLongName>Factura_proveedor</referredTableLongName>
<deleteRule>NO ACTION</deleteRule>
<referredTableID>93DB9EB9-8364-915D-66D4-F32C1660712D</referredTableID>
<keyObject>714E0B6B-4CA9-92B8-3905-95D71610EEDA</keyObject>
<referredKeyID>714E0B6B-4CA9-92B8-3905-95D71610EEDA</referredKeyID>
<mandatory>true</mandatory>
<refColNames>ID_Factura,Proveedor_ID_Proveedor</refColNames>
<transferable>true</transferable>
<rely>false</rely>
<columnDependencyConstraintGenerateInDDL>true</columnDependencyConstraintGenerateInDDL>
</FKIndexAssociation>