<?xml version = '1.0' encoding = 'UTF-8'?>
<FKIndexAssociation class="oracle.dbtools.crest.model.design.relational.FKIndexAssociation" directorySegmentName="seg_0" id="D74CF01B-A663-1284-59C4-44FD42311F4D" containerWithKeyObject="4C2E8C5B-F29A-35BC-760E-732D1AD44E1B" localFKIndex="56762033-353A-23FA-33E8-3303D71AA00A" name="Metodo_Pago_EntidadBancaria_FK">
<createdBy>Ambiente</createdBy>
<createdTime>2023-03-16 22:50:54 UTC</createdTime>
<generatorID>61B62803-0413-4681-41E0-385639A88F73</generatorID>
<ownerDesignName>ProyectoAdsoSena</ownerDesignName>
<referredTableLongName>EntidadBancaria</referredTableLongName>
<deleteRule>NO ACTION</deleteRule>
<referredTableID>308526CA-1DFC-F788-4433-0E7E3B2A688F</referredTableID>
<keyObject>5BC026C2-3656-7202-DF04-29054808681D</keyObject>
<referredKeyID>5BC026C2-3656-7202-DF04-29054808681D</referredKeyID>
<mandatory>true</mandatory>
<refColNames>IDEntBan</refColNames>
<transferable>true</transferable>
<rely>false</rely>
<columnDependencyConstraintGenerateInDDL>true</columnDependencyConstraintGenerateInDDL>
</FKIndexAssociation>