<?xml version = '1.0' encoding = 'UTF-8'?>
<FKIndexAssociation class="oracle.dbtools.crest.model.design.relational.FKIndexAssociation" directorySegmentName="seg_0" id="EEE847F4-50B2-BC94-2380-F0EA53578255" containerWithKeyObject="F41C3B6B-7F94-0D6B-1E47-51F3AEE9B1B6" localFKIndex="B2C0C8FC-737E-4F7E-125A-4DB04E7C13D9" name="Stock_Productos_FK">
<createdBy>Ambiente</createdBy>
<createdTime>2023-03-16 22:27:25 UTC</createdTime>
<generatorID>3924174F-4314-3AD2-F260-BE7F3BE4EFBD</generatorID>
<ownerDesignName>ProyectoAdsoSena</ownerDesignName>
<referredTableLongName>Productos</referredTableLongName>
<deleteRule>NO ACTION</deleteRule>
<referredTableID>D8B6E558-64F3-705C-CE0A-BC224F51A97E</referredTableID>
<keyObject>9F8E9E23-9675-3162-0DE9-C6ABB0F6338B</keyObject>
<referredKeyID>9F8E9E23-9675-3162-0DE9-C6ABB0F6338B</referredKeyID>
<mandatory>true</mandatory>
<refColNames>ID_Producto1</refColNames>
<transferable>true</transferable>
<rely>false</rely>
<columnDependencyConstraintGenerateInDDL>true</columnDependencyConstraintGenerateInDDL>
</FKIndexAssociation>