<?xml version = '1.0' encoding = 'UTF-8'?>
<Relation class="oracle.dbtools.crest.model.design.logical.Relation" name="Precios_Productos" directorySegmentName="seg_0" id="08F38665-C3A2-29FD-2916-A7023900AA1B">
<createdBy>Ambiente</createdBy>
<createdTime>2023-04-10 18:06:12 UTC</createdTime>
<ownerDesignName>ProyectoAdsoSena</ownerDesignName>
<engineerTo>
<item key="920E4AF3-7549-322C-6F8C-BC4B45A9DDFD" value="true"/>
</engineerTo>
<sourcePk>906DC4B7-0634-8596-786E-0FA73563FDA0</sourcePk>
<identifying>false</identifying>
<nameOnSource>tiene</nameOnSource>
<nameOnTarget>posee un </nameOnTarget>
<optionalSource>true</optionalSource>
<optionalTarget>false</optionalTarget>
<sourceCardinality>1</sourceCardinality>
<sourceEntity>515D8128-9AA6-3BD9-2CE7-B537A9721BE7</sourceEntity>
<targetCardinalityString>*</targetCardinalityString>
<targetEntity>1089024A-4A63-54C1-6A9D-AD8DA2B57BC0</targetEntity>
<transferable>true</transferable>
<deleteRule>NO ACTION</deleteRule>
</Relation>