<?xml version = '1.0' encoding = 'UTF-8'?>
<Relation class="oracle.dbtools.crest.model.design.logical.Relation" name="Cliente_Usuario_FK" directorySegmentName="seg_0" id="22D24A72-CBB5-374E-B559-1793AF9B9C10">
<createdBy>Valeria</createdBy>
<createdTime>2023-04-12 03:56:18 UTC</createdTime>
<generatorID>8D3EB6F1-8D5E-5620-BEB5-AEBA24CBF8E0</generatorID>
<ownerDesignName>ProyectoAdsoSena</ownerDesignName>
<engineerTo>
<item key="920E4AF3-7549-322C-6F8C-BC4B45A9DDFD" value="true"/>
</engineerTo>
<sourcePk>A18E1EC3-1EC7-326A-839D-F7995EFB03FE</sourcePk>
<dominantRole>91F879DC-E352-274F-A949-20962694735C</dominantRole>
<identifying>false</identifying>
<nameOnSource>tiene un</nameOnSource>
<nameOnTarget>tiene un </nameOnTarget>
<optionalSource>true</optionalSource>
<optionalTarget>false</optionalTarget>
<sourceCardinality>1</sourceCardinality>
<sourceEntity>91F879DC-E352-274F-A949-20962694735C</sourceEntity>
<targetCardinalityString>1</targetCardinalityString>
<targetEntity>748DE886-6984-0D5E-3147-0D6A7E878BF1</targetEntity>
<transferable>true</transferable>
<deleteRule>NO ACTION</deleteRule>
</Relation>