<?xml version = '1.0' encoding = 'UTF-8'?>
<Relation class="oracle.dbtools.crest.model.design.logical.Relation" name="Factura proveedor Proveedor FK" directorySegmentName="seg_0" id="2D4E2708-ED40-36E3-AF28-47765C35DF32">
<createdBy>Ambiente</createdBy>
<createdTime>2023-04-11 18:31:15 UTC</createdTime>
<ownerDesignName>ProyectoAdsoSena</ownerDesignName>
<engineerTo>
<item key="920E4AF3-7549-322C-6F8C-BC4B45A9DDFD" value="true"/>
</engineerTo>
<sourcePk>5788CB0F-8DB8-4E77-9AC0-7709AF726A3B</sourcePk>
<identifying>true</identifying>
<nameOnSource>contiene</nameOnSource>
<nameOnTarget>pertenece</nameOnTarget>
<optionalSource>true</optionalSource>
<optionalTarget>false</optionalTarget>
<sourceCardinality>1</sourceCardinality>
<sourceEntity>3D43A469-E083-B504-2676-9815C334BC64</sourceEntity>
<targetCardinalityString>*</targetCardinalityString>
<targetEntity>BBD71863-7EC1-A0F9-25B7-F29FC5507D08</targetEntity>
<transferable>true</transferable>
<deleteRule>NO ACTION</deleteRule>
</Relation>