<?xml version = '1.0' encoding = 'UTF-8'?>
<Relation class="oracle.dbtools.crest.model.design.logical.Relation" name="Stock Productos FK" directorySegmentName="seg_0" id="3924174F-4314-3AD2-F260-BE7F3BE4EFBD">
<createdBy>Ambiente</createdBy>
<createdTime>2023-03-16 22:08:42 UTC</createdTime>
<ownerDesignName>ProyectoAdsoSena</ownerDesignName>
<engineerTo>
<item key="920E4AF3-7549-322C-6F8C-BC4B45A9DDFD" value="true"/>
</engineerTo>
<sourcePk>099B7DDF-0FDE-97D9-AAE8-AF856F33A1E2</sourcePk>
<identifying>true</identifying>
<nameOnSource>tiene</nameOnSource>
<nameOnTarget>almacena</nameOnTarget>
<optionalSource>true</optionalSource>
<optionalTarget>false</optionalTarget>
<sourceCardinality>1</sourceCardinality>
<sourceEntity>1089024A-4A63-54C1-6A9D-AD8DA2B57BC0</sourceEntity>
<targetCardinalityString>1</targetCardinalityString>
<targetEntity>C013F837-20A2-D429-62F9-3BF9E756FF2E</targetEntity>
<transferable>true</transferable>
<deleteRule>NO ACTION</deleteRule>
</Relation>