<?xml version = '1.0' encoding = 'UTF-8'?>
<Relation class="oracle.dbtools.crest.model.design.logical.Relation" name="Detalle facturav1 Productos FK" directorySegmentName="seg_0" id="53FDE5DA-D2A2-D33B-B926-2AD3BC5EBFA3">
<createdBy>Ambiente</createdBy>
<createdTime>2023-04-11 18:31:35 UTC</createdTime>
<ownerDesignName>ProyectoAdsoSena</ownerDesignName>
<engineerTo>
<item key="920E4AF3-7549-322C-6F8C-BC4B45A9DDFD" value="true"/>
</engineerTo>
<sourcePk>099B7DDF-0FDE-97D9-AAE8-AF856F33A1E2</sourcePk>
<identifying>true</identifying>
<nameOnSource>tiene  </nameOnSource>
<nameOnTarget>contiene una</nameOnTarget>
<optionalSource>true</optionalSource>
<optionalTarget>false</optionalTarget>
<sourceCardinality>1</sourceCardinality>
<sourceEntity>1089024A-4A63-54C1-6A9D-AD8DA2B57BC0</sourceEntity>
<targetCardinalityString>*</targetCardinalityString>
<targetEntity>BDD92DB1-54C7-C4D0-BB2C-223B9902C85C</targetEntity>
<transferable>true</transferable>
<deleteRule>NO ACTION</deleteRule>
</Relation>