<?xml version = '1.0' encoding = 'UTF-8'?>
<Relation class="oracle.dbtools.crest.model.design.logical.Relation" name="Metodo Pago EntidadBancaria FK" directorySegmentName="seg_0" id="61B62803-0413-4681-41E0-385639A88F73">
<createdBy>Ambiente</createdBy>
<createdTime>2023-03-16 22:50:36 UTC</createdTime>
<ownerDesignName>ProyectoAdsoSena</ownerDesignName>
<engineerTo>
<item key="920E4AF3-7549-322C-6F8C-BC4B45A9DDFD" value="true"/>
</engineerTo>
<sourcePk>9E81AAAF-B6CA-400E-C453-882DEF4E6761</sourcePk>
<identifying>false</identifying>
<nameOnSource>contiene</nameOnSource>
<nameOnTarget>tiene</nameOnTarget>
<optionalSource>true</optionalSource>
<optionalTarget>false</optionalTarget>
<sourceCardinality>1</sourceCardinality>
<sourceEntity>D1CD35A8-5B7F-B68F-454A-FD46BC11BF9B</sourceEntity>
<targetCardinalityString>1</targetCardinalityString>
<targetEntity>EDB7B80C-4422-E7C4-EB44-209F2FB4B00E</targetEntity>
<transferable>true</transferable>
<deleteRule>NO ACTION</deleteRule>
</Relation>