<?xml version = '1.0' encoding = 'UTF-8'?>
<Relation class="oracle.dbtools.crest.model.design.logical.Relation" name="Factura Cliente FK" directorySegmentName="seg_0" id="7D31C071-9A57-E836-EFA0-FEAE4D78802E">
<createdBy>Ambiente</createdBy>
<createdTime>2023-04-11 18:28:03 UTC</createdTime>
<ownerDesignName>ProyectoAdsoSena</ownerDesignName>
<engineerTo>
<item key="920E4AF3-7549-322C-6F8C-BC4B45A9DDFD" value="true"/>
</engineerTo>
<sourcePk>CA3844C2-B4AA-FE78-3476-7C604FCE9FC6</sourcePk>
<identifying>false</identifying>
<nameOnSource>tiene un</nameOnSource>
<nameOnTarget>poseer </nameOnTarget>
<optionalSource>true</optionalSource>
<optionalTarget>false</optionalTarget>
<sourceCardinality>1</sourceCardinality>
<sourceEntity>748DE886-6984-0D5E-3147-0D6A7E878BF1</sourceEntity>
<targetCardinalityString>*</targetCardinalityString>
<targetEntity>B2EB7C1C-A9A4-2BF1-A1C1-B71F8543A098</targetEntity>
<transferable>true</transferable>
<deleteRule>NO ACTION</deleteRule>
</Relation>