<?xml version = '1.0' encoding = 'UTF-8'?>
<Relation class="oracle.dbtools.crest.model.design.logical.Relation" name="Factura Metodo Pago FK" directorySegmentName="seg_0" id="7ECC361E-18AB-7580-6775-99479D41CEBB">
<createdBy>Ambiente</createdBy>
<createdTime>2023-03-16 22:26:55 UTC</createdTime>
<ownerDesignName>ProyectoAdsoSena</ownerDesignName>
<engineerTo>
<item key="920E4AF3-7549-322C-6F8C-BC4B45A9DDFD" value="true"/>
</engineerTo>
<sourcePk>18B4C5FF-1E91-82A9-7D84-684DDFE1A508</sourcePk>
<identifying>true</identifying>
<nameOnSource>tiene un </nameOnSource>
<nameOnTarget>tiene </nameOnTarget>
<optionalSource>true</optionalSource>
<optionalTarget>false</optionalTarget>
<sourceCardinality>1</sourceCardinality>
<sourceEntity>EDB7B80C-4422-E7C4-EB44-209F2FB4B00E</sourceEntity>
<targetCardinalityString>1</targetCardinalityString>
<targetEntity>B2EB7C1C-A9A4-2BF1-A1C1-B71F8543A098</targetEntity>
<transferable>true</transferable>
<deleteRule>NO ACTION</deleteRule>
</Relation>