<?xml version = '1.0' encoding = 'UTF-8'?>
<Relation class="oracle.dbtools.crest.model.design.logical.Relation" name="Metodo Pago Efectivo FK" directorySegmentName="seg_0" id="900F97F3-7799-73B9-31B7-D9B77EB04C19">
<createdBy>Ambiente</createdBy>
<createdTime>2023-03-16 22:50:42 UTC</createdTime>
<ownerDesignName>ProyectoAdsoSena</ownerDesignName>
<engineerTo>
<item key="920E4AF3-7549-322C-6F8C-BC4B45A9DDFD" value="true"/>
</engineerTo>
<sourcePk>BE49EEE1-0318-4CAC-0409-F963931CF0AF</sourcePk>
<identifying>false</identifying>
<nameOnSource>tener</nameOnSource>
<nameOnTarget>contiene</nameOnTarget>
<optionalSource>true</optionalSource>
<optionalTarget>false</optionalTarget>
<sourceCardinality>1</sourceCardinality>
<sourceEntity>BD4C6627-5C44-902B-480A-582D5A355964</sourceEntity>
<targetCardinalityString>1</targetCardinalityString>
<targetEntity>EDB7B80C-4422-E7C4-EB44-209F2FB4B00E</targetEntity>
<transferable>true</transferable>
<deleteRule>NO ACTION</deleteRule>
</Relation>