<?xml version = '1.0' encoding = 'UTF-8'?>
<Relation class="oracle.dbtools.crest.model.design.logical.Relation" name="Detalle factura Factura FK" directorySegmentName="seg_0" id="9D3CAE58-D7ED-AFB6-D6CA-21D6BB24A6E9">
<createdBy>Ambiente</createdBy>
<createdTime>2023-04-11 18:28:10 UTC</createdTime>
<ownerDesignName>ProyectoAdsoSena</ownerDesignName>
<engineerTo>
<item key="920E4AF3-7549-322C-6F8C-BC4B45A9DDFD" value="true"/>
</engineerTo>
<sourcePk>74B06EA4-F813-15D8-963E-4CC9EFF401D1</sourcePk>
<identifying>false</identifying>
<nameOnSource>tiene</nameOnSource>
<nameOnTarget>tiene</nameOnTarget>
<optionalSource>true</optionalSource>
<optionalTarget>false</optionalTarget>
<sourceCardinality>1</sourceCardinality>
<sourceEntity>B2EB7C1C-A9A4-2BF1-A1C1-B71F8543A098</sourceEntity>
<targetCardinalityString>*</targetCardinalityString>
<targetEntity>C910CB5F-265E-88A1-5DD0-157ECABF4004</targetEntity>
<transferable>true</transferable>
<deleteRule>NO ACTION</deleteRule>
</Relation>