<?xml version = '1.0' encoding = 'UTF-8'?>
<Relation class="oracle.dbtools.crest.model.design.logical.Relation" name="Productos Categoria FK" directorySegmentName="seg_0" id="B66257CB-690F-70AF-D401-8E165679A791">
<createdBy>Ambiente</createdBy>
<createdTime>2023-03-16 22:09:30 UTC</createdTime>
<ownerDesignName>ProyectoAdsoSena</ownerDesignName>
<engineerTo>
<item key="920E4AF3-7549-322C-6F8C-BC4B45A9DDFD" value="true"/>
</engineerTo>
<sourcePk>5297F555-2757-F447-A345-639D01E9AFBA</sourcePk>
<identifying>false</identifying>
<nameOnSource>tiene</nameOnSource>
<nameOnTarget>tiene</nameOnTarget>
<optionalSource>true</optionalSource>
<optionalTarget>false</optionalTarget>
<sourceCardinality>1</sourceCardinality>
<sourceEntity>B08DAC93-1042-0AB2-79E3-9354FAE81F73</sourceEntity>
<targetCardinalityString>1</targetCardinalityString>
<targetEntity>1089024A-4A63-54C1-6A9D-AD8DA2B57BC0</targetEntity>
<transferable>true</transferable>
<deleteRule>NO ACTION</deleteRule>
</Relation>