<?xml version = '1.0' encoding = 'UTF-8'?>
<Relation class="oracle.dbtools.crest.model.design.logical.Relation" name="Detalle factura Productos FK" directorySegmentName="seg_0" id="BC31B164-03D6-2BFD-AE1D-36CC531EB606">
<createdBy>Ambiente</createdBy>
<createdTime>2023-04-11 18:31:49 UTC</createdTime>
<ownerDesignName>ProyectoAdsoSena</ownerDesignName>
<engineerTo>
<item key="920E4AF3-7549-322C-6F8C-BC4B45A9DDFD" value="true"/>
</engineerTo>
<sourcePk>099B7DDF-0FDE-97D9-AAE8-AF856F33A1E2</sourcePk>
<identifying>true</identifying>
<nameOnSource>poseer</nameOnSource>
<nameOnTarget>contener</nameOnTarget>
<optionalSource>true</optionalSource>
<optionalTarget>false</optionalTarget>
<sourceCardinality>1</sourceCardinality>
<sourceEntity>1089024A-4A63-54C1-6A9D-AD8DA2B57BC0</sourceEntity>
<targetCardinalityString>*</targetCardinalityString>
<targetEntity>C910CB5F-265E-88A1-5DD0-157ECABF4004</targetEntity>
<transferable>true</transferable>
<deleteRule>NO ACTION</deleteRule>
</Relation>