<?xml version = '1.0' encoding = 'UTF-8'?>
<Relation class="oracle.dbtools.crest.model.design.logical.Relation" name="Detalle facturav1 Factura proveedor FK" directorySegmentName="seg_0" id="D7335407-77FF-844F-852C-B3A97B6282BA">
<createdBy>Ambiente</createdBy>
<createdTime>2023-04-11 18:31:20 UTC</createdTime>
<ownerDesignName>ProyectoAdsoSena</ownerDesignName>
<engineerTo>
<item key="920E4AF3-7549-322C-6F8C-BC4B45A9DDFD" value="true"/>
</engineerTo>
<sourcePk>28EFE85C-B771-ABC3-7563-FE2179F67B6E</sourcePk>
<identifying>true</identifying>
<nameOnSource>posee un</nameOnSource>
<nameOnTarget>contiene</nameOnTarget>
<optionalSource>true</optionalSource>
<optionalTarget>false</optionalTarget>
<sourceCardinality>1</sourceCardinality>
<sourceEntity>BBD71863-7EC1-A0F9-25B7-F29FC5507D08</sourceEntity>
<targetCardinalityString>*</targetCardinalityString>
<targetEntity>BDD92DB1-54C7-C4D0-BB2C-223B9902C85C</targetEntity>
<transferable>true</transferable>
<deleteRule>NO ACTION</deleteRule>
</Relation>