<?xml version = '1.0' encoding = 'UTF-8'?>
<FKIndexAssociation class="oracle.dbtools.crest.model.design.relational.FKIndexAssociation" directorySegmentName="seg_0" id="4E646960-FA31-370B-971B-2C14B61865E5" containerWithKeyObject="D8B6E558-64F3-705C-CE0A-BC224F51A97E" localFKIndex="A5ADE40F-D6E9-2799-A396-7A10D71519CD" name="Productos_Preciosv1_FK">
<createdBy>FABIAN DIAZ</createdBy>
<createdTime>2023-05-07 02:06:15 UTC</createdTime>
<generatorID>08F38665-C3A2-29FD-2916-A7023900AA1B</generatorID>
<ownerDesignName>ModeloLogicoComp</ownerDesignName>
<referredTableLongName>Preciosv1</referredTableLongName>
<deleteRule>NO ACTION</deleteRule>
<referredTableID>326A3F68-A4FE-CC2B-2EE9-341D4B5B3452</referredTableID>
<keyObject>8DA99521-1F88-EA78-B492-7F64FFE7C169</keyObject>
<referredKeyID>8DA99521-1F88-EA78-B492-7F64FFE7C169</referredKeyID>
<mandatory>true</mandatory>
<refColNames>ID_precio</refColNames>
<transferable>true</transferable>
<rely>false</rely>
<columnDependencyConstraintGenerateInDDL>true</columnDependencyConstraintGenerateInDDL>
</FKIndexAssociation>