<?xml version = '1.0' encoding = 'UTF-8'?>
<Diagram class="oracle.dbtools.crest.swingui.relational.DPVRelational" name="Relational_1" id="1B6FA6D4-A4B4-0E56-80C2-33E25BAFD28F">
<createdBy>Ambiente</createdBy>
<modifiedBy>Ambiente</modifiedBy>
<createdTime>2023-03-16 22:27:25 UTC</createdTime>
<autoRoute>false</autoRoute>
<boxInbox>true</boxInbox>
<showLegend>true</showLegend>
<showLabels>true</showLabels>
<showRelAttributes>false</showRelAttributes>
<gridEnabled>false</gridEnabled>
<showGrid>false</showGrid>
<diagramColor>-1</diagramColor>
<display>false</display>
<notation>1</notation>
<objectViews>
<OView class="oracle.dbtools.crest.swingui.relational.TVTable" oid="0FCADB80-500A-DFC4-DF89-8628B1D767EA" otype="Table" vid="0D31EC68-776B-EAB8-B9D6-81BEBE139119">
<hideElementsInCurrentOnly>false</hideElementsInCurrentOnly>
<bounds x="588" y="722" width="265" height="87"/>
</OView>
<OView class="oracle.dbtools.crest.swingui.relational.TVTable" oid="308526CA-1DFC-F788-4433-0E7E3B2A688F" otype="Table" vid="91A96A0D-5DAF-83C1-5EE6-E451E539F7EA">
<hideElementsInCurrentOnly>false</hideElementsInCurrentOnly>
<bounds x="1680" y="657" width="296" height="80"/>
</OView>
<OView class="oracle.dbtools.crest.swingui.relational.TVTable" oid="313DD604-FE4E-A7B1-E24B-CE481189E31E" otype="Table" vid="3161F73F-8A37-B0EC-82BF-A375016F9028">
<hideElementsInCurrentOnly>false</hideElementsInCurrentOnly>
<bounds x="264" y="0" width="264" height="198"/>
</OView>
<OView class="oracle.dbtools.crest.swingui.relational.TVTable" oid="4C2E8C5B-F29A-35BC-760E-732D1AD44E1B" otype="Table" vid="081D8224-2834-416E-AF6C-4B502439F7BE">
<hideElementsInCurrentOnly>false</hideElementsInCurrentOnly>
<bounds x="1724" y="410" width="287" height="143"/>
</OView>
<OView class="oracle.dbtools.crest.swingui.relational.TVTable" oid="4C65EE8B-6593-AD43-CBF5-CCF21D00E1A6" otype="Table" vid="EB69D8CB-CF10-55C3-260B-0543E74D2782">
<hideElementsInCurrentOnly>false</hideElementsInCurrentOnly>
<bounds x="644" y="46" width="313" height="212"/>
</OView>
<OView class="oracle.dbtools.crest.swingui.relational.TVTable" oid="6BDF9203-2E6B-F084-BAB1-E02C9D948879" otype="Table" vid="B7BBAE26-ED7D-7D37-FB55-47F9D2C32CC1">
<hideElementsInCurrentOnly>false</hideElementsInCurrentOnly>
<bounds x="1036" y="396" width="219" height="154"/>
</OView>
<OView class="oracle.dbtools.crest.swingui.relational.TVTable" oid="70E9B74C-0F4D-5B17-3E9D-B4D07D9599A3" otype="Table" vid="440C79F7-5BFA-4868-F528-5D35FC86602A">
<hideElementsInCurrentOnly>false</hideElementsInCurrentOnly>
<bounds x="1409" y="397" width="220" height="140"/>
</OView>
<OView class="oracle.dbtools.crest.swingui.TVLegend" oid="83B2448F-96E1-4250-450B-7B0F2D961283" otype="Legend" vid="DBEB7131-BA09-5B82-250A-5EFCB81FF6EE">
<hideElementsInCurrentOnly>false</hideElementsInCurrentOnly>
<bounds x="10" y="10" width="257" height="135"/>
</OView>
<OView class="oracle.dbtools.crest.swingui.relational.TVTable" oid="93DB9EB9-8364-915D-66D4-F32C1660712D" otype="Table" vid="3ADCD11A-5F13-6ADD-9D76-F01F581C12EB">
<hideElementsInCurrentOnly>false</hideElementsInCurrentOnly>
<bounds x="218" y="278" width="260" height="122"/>
</OView>
<OView class="oracle.dbtools.crest.swingui.relational.TVTable" oid="A7F2460A-DB33-D568-E5DD-77B7CE5DABB3" otype="Table" vid="8098BE45-DCC2-67E1-B55F-B999CECB2BB2">
<hideElementsInCurrentOnly>false</hideElementsInCurrentOnly>
<bounds x="140" y="529" width="291" height="150"/>
</OView>
<OView class="oracle.dbtools.crest.swingui.relational.TVTable" oid="B049AB9D-AC0C-35B4-CE66-FFC95405EA50" otype="Table" vid="AFE759ED-78DA-8478-D20F-EC9E9F4CD882">
<hideElementsInCurrentOnly>false</hideElementsInCurrentOnly>
<bounds x="263" y="795" width="229" height="160"/>
</OView>
<OView class="oracle.dbtools.crest.swingui.relational.TVTable" oid="B64C22C5-0B2D-9575-E1C4-46457E472DE9" otype="Table" vid="CC17DC93-9306-783F-FB22-20ECF0BA4242">
<hideElementsInCurrentOnly>false</hideElementsInCurrentOnly>
<bounds x="1295" y="70" width="303" height="199"/>
</OView>
<OView class="oracle.dbtools.crest.swingui.relational.TVTable" oid="D8B6E558-64F3-705C-CE0A-BC224F51A97E" otype="Table" vid="C96C2910-5C46-14CF-F8DB-7FC34700D7A2">
<hideElementsInCurrentOnly>false</hideElementsInCurrentOnly>
<bounds x="538" y="355" width="352" height="148"/>
</OView>
<OView class="oracle.dbtools.crest.swingui.relational.TVTable" oid="F41C3B6B-7F94-0D6B-1E47-51F3AEE9B1B6" otype="Table" vid="714784F7-E49B-0CEF-D346-835C0207496C">
<hideElementsInCurrentOnly>false</hideElementsInCurrentOnly>
<bounds x="916" y="645" width="494" height="188"/>
</OView>
<OView class="oracle.dbtools.crest.swingui.relational.TVTable" oid="F490042C-5A8B-65AA-96C2-A153F617814D" otype="Table" vid="667C34CB-9F5D-FA68-1D8A-D692E791D0A5">
<hideElementsInCurrentOnly>false</hideElementsInCurrentOnly>
<bounds x="1720" y="214" width="177" height="69"/>
</OView>
</objectViews>
<connectors>
<Connector class="oracle.dbtools.crest.swingui.relational.TVFKRelation" oid="03F3BFBE-6883-B14F-0188-1C468E438DEC" otype="FKIndexAssociation" vid_source="0D31EC68-776B-EAB8-B9D6-81BEBE139119" vid_target="C96C2910-5C46-14CF-F8DB-7FC34700D7A2">
<hideElementsInCurrentOnly>false</hideElementsInCurrentOnly>
<backgroundColor>-16777216</backgroundColor>
<lineWidth>1</lineWidth>
<centerLabel class="oracle.dbtools.crest.model.design.Label">
<site>1</site>
<labelBounds x="-925" y="-211" width="133" height="30"/>
<noBackgroundColor>true</noBackgroundColor>
<noForegroundColor>true</noForegroundColor>
</centerLabel>
<points>
<point x="735" y="722"/>
<point x="735" y="503"/>
</points>
</Connector>
<Connector class="oracle.dbtools.crest.swingui.relational.TVFKRelation" oid="081F327F-45B5-D161-9B09-51C9B63C57D1" otype="FKIndexAssociation" vid_source="081D8224-2834-416E-AF6C-4B502439F7BE" vid_target="440C79F7-5BFA-4868-F528-5D35FC86602A">
<hideElementsInCurrentOnly>false</hideElementsInCurrentOnly>
<backgroundColor>-16777216</backgroundColor>
<lineWidth>1</lineWidth>
<centerLabel class="oracle.dbtools.crest.model.design.Label">
<site>1</site>
<labelBounds x="-995" y="-211" width="143" height="30"/>
<noBackgroundColor>true</noBackgroundColor>
<noForegroundColor>true</noForegroundColor>
</centerLabel>
<points>
<point x="1724" y="473"/>
<point x="1629" y="473"/>
</points>
</Connector>
<Connector class="oracle.dbtools.crest.swingui.relational.TVFKRelation" oid="1F998EF8-6FC2-76DC-67E6-1E064BDE48F6" otype="FKIndexAssociation" vid_source="AFE759ED-78DA-8478-D20F-EC9E9F4CD882" vid_target="C96C2910-5C46-14CF-F8DB-7FC34700D7A2">
<hideElementsInCurrentOnly>false</hideElementsInCurrentOnly>
<backgroundColor>-16777216</backgroundColor>
<lineWidth>1</lineWidth>
<centerLabel class="oracle.dbtools.crest.model.design.Label">
<site>1</site>
<labelBounds x="-306" y="-76" width="122" height="30"/>
<noBackgroundColor>true</noBackgroundColor>
<noForegroundColor>true</noForegroundColor>
</centerLabel>
<points>
<point x="437" y="795"/>
<point x="688" y="503"/>
</points>
</Connector>
<Connector class="oracle.dbtools.crest.swingui.relational.TVFKRelation" oid="82F61D55-C0B0-72A0-CC98-04884C8C082A" otype="FKIndexAssociation" vid_source="CC17DC93-9306-783F-FB22-20ECF0BA4242" vid_target="440C79F7-5BFA-4868-F528-5D35FC86602A">
<hideElementsInCurrentOnly>false</hideElementsInCurrentOnly>
<backgroundColor>-16777216</backgroundColor>
<lineWidth>1</lineWidth>
<centerLabel class="oracle.dbtools.crest.model.design.Label">
<site>1</site>
<labelBounds x="-606" y="-166" width="110" height="30"/>
<noBackgroundColor>true</noBackgroundColor>
<noForegroundColor>true</noForegroundColor>
</centerLabel>
<points>
<point x="1518" y="269"/>
<point x="1518" y="397"/>
</points>
</Connector>
<Connector class="oracle.dbtools.crest.swingui.relational.TVFKRelation" oid="869FF6A9-5793-1765-11B8-E9E4D23E2864" otype="FKIndexAssociation" vid_source="667C34CB-9F5D-FA68-1D8A-D692E791D0A5" vid_target="081D8224-2834-416E-AF6C-4B502439F7BE">
<hideElementsInCurrentOnly>false</hideElementsInCurrentOnly>
<backgroundColor>-16777216</backgroundColor>
<lineWidth>1</lineWidth>
<centerLabel class="oracle.dbtools.crest.model.design.Label">
<site>1</site>
<labelBounds x="-1023" y="-211" width="146" height="30"/>
<noBackgroundColor>true</noBackgroundColor>
<noForegroundColor>true</noForegroundColor>
</centerLabel>
<points>
<point x="1825" y="283"/>
<point x="1825" y="410"/>
</points>
</Connector>
<Connector class="oracle.dbtools.crest.swingui.relational.TVFKRelation" oid="8D3EB6F1-8D5E-5620-BEB5-AEBA24CBF8E0" otype="FKIndexAssociation" vid_source="EB69D8CB-CF10-55C3-260B-0543E74D2782" vid_target="CC17DC93-9306-783F-FB22-20ECF0BA4242">
<hideElementsInCurrentOnly>false</hideElementsInCurrentOnly>
<backgroundColor>-16777216</backgroundColor>
<lineWidth>1</lineWidth>
<centerLabel class="oracle.dbtools.crest.model.design.Label">
<site>1</site>
<labelBounds x="-541" y="-136" width="120" height="30"/>
<noBackgroundColor>true</noBackgroundColor>
<noForegroundColor>true</noForegroundColor>
</centerLabel>
<points>
<point x="957" y="194"/>
<point x="1295" y="194"/>
</points>
</Connector>
<Connector class="oracle.dbtools.crest.swingui.relational.TVFKRelation" oid="9782F650-2B50-A9D1-A620-03E1B1FE20DD" otype="FKIndexAssociation" vid_source="C96C2910-5C46-14CF-F8DB-7FC34700D7A2" vid_target="B7BBAE26-ED7D-7D37-FB55-47F9D2C32CC1">
<hideElementsInCurrentOnly>false</hideElementsInCurrentOnly>
<backgroundColor>-16777216</backgroundColor>
<lineWidth>1</lineWidth>
<centerLabel class="oracle.dbtools.crest.model.design.Label">
<site>1</site>
<labelBounds x="-881" y="-166" width="160" height="30"/>
<noBackgroundColor>true</noBackgroundColor>
<noForegroundColor>true</noForegroundColor>
</centerLabel>
<points>
<point x="890" y="464"/>
<point x="1036" y="464"/>
</points>
</Connector>
<Connector class="oracle.dbtools.crest.swingui.relational.TVFKRelation" oid="A0E52C1E-5D2E-38D1-56A3-24B1D0354183" otype="FKIndexAssociation" vid_source="440C79F7-5BFA-4868-F528-5D35FC86602A" vid_target="B7BBAE26-ED7D-7D37-FB55-47F9D2C32CC1">
<hideElementsInCurrentOnly>false</hideElementsInCurrentOnly>
<backgroundColor>-16777216</backgroundColor>
<lineWidth>1</lineWidth>
<centerLabel class="oracle.dbtools.crest.model.design.Label">
<site>1</site>
<labelBounds x="-815" y="-166" width="149" height="30"/>
<noBackgroundColor>true</noBackgroundColor>
<noForegroundColor>true</noForegroundColor>
</centerLabel>
<points>
<point x="1409" y="467"/>
<point x="1255" y="467"/>
</points>
</Connector>
<Connector class="oracle.dbtools.crest.swingui.relational.TVFKRelation" oid="A98F19BC-B8B2-BFA3-D497-C0E332FBC3EB" otype="FKIndexAssociation" vid_source="3161F73F-8A37-B0EC-82BF-A375016F9028" vid_target="3ADCD11A-5F13-6ADD-9D76-F01F581C12EB">
<hideElementsInCurrentOnly>false</hideElementsInCurrentOnly>
<backgroundColor>-16777216</backgroundColor>
<lineWidth>1</lineWidth>
<centerLabel class="oracle.dbtools.crest.model.design.Label">
<site>1</site>
<labelBounds x="-738" y="-166" width="135" height="30"/>
<noBackgroundColor>true</noBackgroundColor>
<noForegroundColor>true</noForegroundColor>
</centerLabel>
<points>
<point x="386" y="198"/>
<point x="386" y="278"/>
</points>
</Connector>
<Connector class="oracle.dbtools.crest.swingui.relational.TVFKRelation" oid="B394E3B3-B38F-DE1E-2EC6-C0F9ED449329" otype="FKIndexAssociation" vid_source="C96C2910-5C46-14CF-F8DB-7FC34700D7A2" vid_target="8098BE45-DCC2-67E1-B55F-B999CECB2BB2">
<hideElementsInCurrentOnly>false</hideElementsInCurrentOnly>
<backgroundColor>-16777216</backgroundColor>
<lineWidth>1</lineWidth>
<centerLabel class="oracle.dbtools.crest.model.design.Label">
<site>1</site>
<labelBounds x="-881" y="-166" width="160" height="30"/>
<noBackgroundColor>true</noBackgroundColor>
<noForegroundColor>true</noForegroundColor>
</centerLabel>
<points>
<point x="538" y="500"/>
<point x="431" y="544"/>
</points>
</Connector>
<Connector class="oracle.dbtools.crest.swingui.relational.TVFKRelation" oid="BD8DACEA-4448-ACB8-7E51-2A3669ADA81F" otype="FKIndexAssociation" vid_source="3ADCD11A-5F13-6ADD-9D76-F01F581C12EB" vid_target="8098BE45-DCC2-67E1-B55F-B999CECB2BB2">
<hideElementsInCurrentOnly>false</hideElementsInCurrentOnly>
<backgroundColor>-16777216</backgroundColor>
<lineWidth>1</lineWidth>
<centerLabel class="oracle.dbtools.crest.model.design.Label">
<site>1</site>
<labelBounds x="-881" y="-166" width="160" height="30"/>
<noBackgroundColor>true</noBackgroundColor>
<noForegroundColor>true</noForegroundColor>
</centerLabel>
<points>
<point x="339" y="400"/>
<point x="339" y="529"/>
</points>
</Connector>
<Connector class="oracle.dbtools.crest.swingui.relational.TVFKRelation" oid="D74CF01B-A663-1284-59C4-44FD42311F4D" otype="FKIndexAssociation" vid_source="91A96A0D-5DAF-83C1-5EE6-E451E539F7EA" vid_target="081D8224-2834-416E-AF6C-4B502439F7BE">
<hideElementsInCurrentOnly>false</hideElementsInCurrentOnly>
<backgroundColor>-16777216</backgroundColor>
<lineWidth>1</lineWidth>
<centerLabel class="oracle.dbtools.crest.model.design.Label">
<site>1</site>
<labelBounds x="-1303" y="-211" width="187" height="30"/>
<noBackgroundColor>true</noBackgroundColor>
<noForegroundColor>true</noForegroundColor>
</centerLabel>
<points>
<point x="1850" y="657"/>
<point x="1823" y="553"/>
</points>
</Connector>
<Connector class="oracle.dbtools.crest.swingui.relational.TVFKRelation" oid="EEE847F4-50B2-BC94-2380-F0EA53578255" otype="FKIndexAssociation" vid_source="C96C2910-5C46-14CF-F8DB-7FC34700D7A2" vid_target="714784F7-E49B-0CEF-D346-835C0207496C">
<hideElementsInCurrentOnly>false</hideElementsInCurrentOnly>
<backgroundColor>-16777216</backgroundColor>
<lineWidth>1</lineWidth>
<centerLabel class="oracle.dbtools.crest.model.design.Label">
<site>1</site>
<labelBounds x="-785" y="-211" width="113" height="30"/>
<noBackgroundColor>true</noBackgroundColor>
<noForegroundColor>true</noForegroundColor>
</centerLabel>
<points>
<point x="821" y="503"/>
<point x="1041" y="645"/>
</points>
</Connector>
</connectors>
</Diagram>